Protocollo;Gruppo;DataOraIncidente;Localizzazione1;STRADA1;Localizzazione2;STRADA2;Strada02;Chilometrica;DaSpecificare;NaturaIncidente;particolaritastrade;TipoStrada;FondoStradale;Pavimentazione;Segnaletica;CondizioneAtmosferica;Traffico;Visibilita;Illuminazione;NUM_FERITI;NUM_RISERVATA;NUM_MORTI;NUM_ILLESI;Longitudine;Latitudine;Confermato;Progressivo;TipoVeicolo;StatoVeicolo;TipoPersona;Sesso;Tipolesione;Deceduto;DecedutoDopo;CinturaCascoUtilizzato;Airbag
1765992;1;08/06/2008 00:05;Strada Urbana;LUNGOTEVERE DEGLI ALTOVITI;all'intersezione semaforizzata con;PIAZZA PASQUALE PAOLI;PIAZZA PASQUALE PAOLI;;;Tamponamento;Intersezione semaforizzata;Una carreggiata a senso unico di marcia;Asciutto;Asfaltata;Verticale ed orizzontale;Sereno;Normale;Buona;Sufficiente;0;0;0;4;;;-1;2;Autovettura privata;In marcia / fermata / arresto;Passeggero;F;Illeso;0;;Non accertato;Inesistente
1765993;1;08/06/2008 00:30;Strada Urbana;VIA MARMORATA;da specificare;;;;prossimita' via G.Branca;Tamponamento;Rettilineo;Una carreggiata a doppio senso;Asciutto;Asfaltata;Verticale ed orizzontale;Sereno;Scarso;Buona;Sufficiente;1;0;0;4;;;-1;1;Autovettura privata;In marcia / fermata / arresto;Conducente;F;Rimandato;0;NON DECEDUTO;Utilizzato;Inesploso
1765993;1;08/06/2008 00:30;Strada Urbana;VIA MARMORATA;da specificare;;;;prossimita' via G.Branca;Tamponamento;Rettilineo;Una carreggiata a doppio senso;Asciutto;Asfaltata;Verticale ed orizzontale;Sereno;Scarso;Buona;Sufficiente;1;0;0;4;;;-1;2;Autocarro inferiore 35 q.;In marcia / fermata / arresto;Conducente;M;Illeso;0;;Utilizzato;Inesploso
1765993;1;08/06/2008 00:30;Strada Urbana;VIA MARMORATA;da specificare;;;;prossimita' via G.Branca;Tamponamento;Rettilineo;Una carreggiata a doppio senso;Asciutto;Asfaltata;Verticale ed orizzontale;Sereno;Scarso;Buona;Sufficiente;1;0;0;4;;;-1;2;Autocarro inferiore 35 q.;In marcia / fermata / arresto;Passeggero;F;Illeso;0;;Non accertato;Inesistente
1765993;1;08/06/2008 00:30;Strada Urbana;VIA MARMORATA;da specificare;;;;prossimita' via G.Branca;Tamponamento;Rettilineo;Una carreggiata a doppio senso;Asciutto;Asfaltata;Verticale ed orizzontale;Sereno;Scarso;Buona;Sufficiente;1;0;0;4;;;-1;2;Autocarro inferiore 35 q.;In marcia / fermata / arresto;Passeggero;M;Illeso;0;;Non accertato;Inesistente
1765994;1;08/06/2008 15:15;Strada Urbana;CORSO VITTORIO EMANUELE II;all'intersezione semaforizzata con;LARGO DEI CHIAVARI;LARGO DEI CHIAVARI;;;Investimento di pedone;Intersezione semaforizzata;Una carreggiata a doppio senso;Asciutto;Asfaltata;Verticale ed orizzontale;Nuvoloso;Intenso;Buona;Ore Diurne;1;0;0;1;;;-1;;;;Pedone;M;Ricoverato;0;NON DECEDUTO;;
1765994;1;08/06/2008 15:15;Strada Urbana;CORSO VITTORIO EMANUELE II;all'intersezione semaforizzata con;LARGO DEI CHIAVARI;LARGO DEI CHIAVARI;;;Investimento di pedone;Intersezione semaforizzata;Una carreggiata a doppio senso;Asciutto;Asfaltata;Verticale ed orizzontale;Nuvoloso;Intenso;Buona;Ore Diurne;1;0;0;1;;;-1;1;Autovettura pubblica;In marcia / fermata / arresto;Conducente;M;Illeso;0;;Non accertato;Inesistente
1765997;1;08/06/2008 23:15;Strada Urbana;PIAZZA DELL'INDIPENDENZA;da specificare;;;;altezza VIA SOLFERINO;Scontro frontale/laterale SX fra veicoli in marcia;Rettilineo;Una carreggiata a senso unico di marcia;Asciutto;Asfaltata;Verticale ed orizzontale;Sereno;Scarso;Buona;Sufficiente;2;0;0;3;;;-1;1;Autovettura privata;In marcia / fermata / arresto;Conducente;F;Rimandato;0;NON DECEDUTO;Non accertato;Inesistente
1765997;1;08/06/2008 23:15;Strada Urbana;PIAZZA DELL'INDIPENDENZA;da specificare;;;;altezza VIA SOLFERINO;Scontro frontale/laterale SX fra veicoli in marcia;Rettilineo;Una carreggiata a senso unico di marcia;Asciutto;Asfaltata;Verticale ed orizzontale;Sereno;Scarso;Buona;Sufficiente;2;0;0;3;;;-1;1;Autovettura privata;In marcia / fermata / arresto;Passeggero;F;Illeso;0;;Non accertato;Inesistente
1765997;1;08/06/2008 23:15;Strada Urbana;PIAZZA DELL'INDIPENDENZA;da specificare;;;;altezza VIA SOLFERINO;Scontro frontale/laterale SX fra veicoli in marcia;Rettilineo;Una carreggiata a senso unico di marcia;Asciutto;Asfaltata;Verticale ed orizzontale;Sereno;Scarso;Buona;Sufficiente;2;0;0;3;;;-1;1;Autovettura privata;In marcia / fermata / arresto;Passeggero;F;Rimandato;0;NON DECEDUTO;Non accertato;Inesistente
1765997;1;08/06/2008 23:15;Strada Urbana;PIAZZA DELL'INDIPENDENZA;da specificare;;;;altezza VIA SOLFERINO;Scontro frontale/laterale SX fra veicoli in marcia;Rettilineo;Una carreggiata a senso unico di marcia;Asciutto;Asfaltata;Verticale ed orizzontale;Sereno;Scarso;Buona;Sufficiente;2;0;0;3;;;-1;1;Autovettura privata;In marcia / fermata / arresto;Passeggero;M;Illeso;0;;Non accertato;Inesistente
1765997;1;08/06/2008 23:15;Strada Urbana;PIAZZA DELL'INDIPENDENZA;da specificare;;;;altezza VIA SOLFERINO;Scontro frontale/laterale SX fra veicoli in marcia;Rettilineo;Una carreggiata a senso unico di marcia;Asciutto;Asfaltata;Verticale ed orizzontale;Sereno;Scarso;Buona;Sufficiente;2;0;0;3;;;-1;2;Autovettura pubblica;In marcia / fermata / arresto;Conducente;M;Illeso;0;;Non accertato;Inesistente
1765998;1;09/06/2008 07:20;Strada Urbana;VIALE CASTRO PRETORIO;all'intersezione con;VIA VICENZA;VIA VICENZA;;;Scontro laterale fra veicoli in marcia;Incrocio;Due carreggiate;Asciutto;Asfaltata;Verticale ed orizzontale;Sereno;Normale;Buona;Ore Diurne;1;0;0;1;;;-1;1;Autovettura privata;In marcia / fermata / arresto;Conducente;M;Illeso;0;;Non accertato;Inesistente
1765998;1;09/06/2008 07:20;Strada Urbana;VIALE CASTRO PRETORIO;all'intersezione con;VIA VICENZA;VIA VICENZA;;;Scontro laterale fra veicoli in marcia;Incrocio;Due carreggiate;Asciutto;Asfaltata;Verticale ed orizzontale;Sereno;Normale;Buona;Ore Diurne;1;0;0;1;;;-1;2;Motociclo a solo;In marcia / fermata / arresto;Conducente;M;Ricoverato;0;NON DECEDUTO;Non accertato;Inesistente
1765999;1;09/06/2008 07:45;Strada Urbana;VIA CELIO VIBENNA;in prossimità;;del palo luce n. ;2;;Infortunio per sola frenata improvvisa;Curva a visuale libera;Due carreggiate;Asciutto;Asfaltata;Verticale ed orizzontale;Sereno;Normale;Buona;Ore Diurne;1;0;0;0;;;-1;1;Motociclo a solo;In marcia / fermata / arresto;Conducente;M;Rimandato;0;NON DECEDUTO;Non accertato;Inesistente
1766000;1;09/06/2008 12:40;Strada Urbana;VIA LUIGI PETROSELLI;in prossimità;;del palo luce n. ;8;;Tamponamento;Rettilineo;Una carreggiata a doppio senso;Asciutto;Acciotolata;Verticale ed orizzontale;Sereno;Normale;Buona;Ore Diurne;2;0;0;1;;;-1;1;Autovettura privata;In marcia / fermata / arresto;Conducente;M;Rimandato;0;NON DECEDUTO;Utilizzato;Inesistente
1766000;1;09/06/2008 12:40;Strada Urbana;VIA LUIGI PETROSELLI;in prossimità;;del palo luce n. ;8;;Tamponamento;Rettilineo;Una carreggiata a doppio senso;Asciutto;Acciotolata;Verticale ed orizzontale;Sereno;Normale;Buona;Ore Diurne;2;0;0;1;;;-1;1;Autovettura privata;In marcia / fermata / arresto;Passeggero;F;Rimandato;0;NON DECEDUTO;Non accertato;Inesistente
1766000;1;09/06/2008 12:40;Strada Urbana;VIA LUIGI PETROSELLI;in prossimità;;del palo luce n. ;8;;Tamponamento;Rettilineo;Una carreggiata a doppio senso;Asciutto;Acciotolata;Verticale ed orizzontale;Sereno;Normale;Buona;Ore Diurne;2;0;0;1;;;-1;2;Autovettura privata;In marcia / fermata / arresto;Conducente;M;Illeso;0;;Non accertato;Inesistente
1766001;1;09/06/2008 12:45;Strada Urbana;PIAZZA DEL COLOSSEO;in corrispondenza;;del palo luce n. ;11;;Tamponamento;Rettilineo;Una carreggiata a doppio senso;Asciutto;Asfaltata;Verticale ed orizzontale;Sereno;Normale;Buona;Ore Diurne;1;0;0;2;;;-1;1;Autovettura privata;In marcia / fermata / arresto;Passeggero;M;Rimandato;0;NON DECEDUTO;Non accertato;Inesistente
1766001;1;09/06/2008 12:45;Strada Urbana;PIAZZA DEL COLOSSEO;in corrispondenza;;del palo luce n. ;11;;Tamponamento;Rettilineo;Una carreggiata a doppio senso;Asciutto;Asfaltata;Verticale ed orizzontale;Sereno;Normale;Buona;Ore Diurne;1;0;0;2;;;-1;1;Autovettura privata;In marcia / fermata / arresto;Conducente;M;Illeso;0;;Utilizzato;Inesistente
1766001;1;09/06/2008 12:45;Strada Urbana;PIAZZA DEL COLOSSEO;in corrispondenza;;del palo luce n. ;11;;Tamponamento;Rettilineo;Una carreggiata a doppio senso;Asciutto;Asfaltata;Verticale ed orizzontale;Sereno;Normale;Buona;Ore Diurne;1;0;0;2;;;-1;2;Autovettura pubblica;In marcia / fermata / arresto;Conducente;M;Illeso;0;;Utilizzato;Inesistente
1766003;1;09/06/2008 14:00;Strada Urbana;VIA CLAUDIA;all'intersezione con;VIA CAPO D'AFRICA;VIA CAPO D'AFRICA;;;Scontro laterale fra veicoli in marcia;Incrocio;Una carreggiata a doppio senso;Asciutto;Asfaltata;Verticale ed orizzontale;Sereno;Normale;Buona;Ore Diurne;1;0;0;1;;;-1;1;Motociclo a solo;In marcia / fermata / arresto;Conducente;M;Rimandato;0;NON DECEDUTO;Non accertato;Inesistente
1766003;1;09/06/2008 14:00;Strada Urbana;VIA CLAUDIA;all'intersezione con;VIA CAPO D'AFRICA;VIA CAPO D'AFRICA;;;Scontro laterale fra veicoli in marcia;Incrocio;Una carreggiata a doppio senso;Asciutto;Asfaltata;Verticale ed orizzontale;Sereno;Normale;Buona;Ore Diurne;1;0;0;1;;;-1;2;Autocarro inferiore 35 q.;In marcia / fermata / arresto;Conducente;M;Illeso;0;;Non accertato;Inesistente
1766005;1;09/06/2008 17:40;Strada Urbana;VIA ARENULA;all'intersezione semaforizzata con;LUNGOTEVERE DE' CENCI;LUNGOTEVERE DE' CENCI;;;Scontro laterale fra veicoli in marcia;Intersezione semaforizzata;Una carreggiata a senso unico di marcia;Asciutto;Asfaltata;Verticale ed orizzontale;Sereno;Normale;Buona;Ore Diurne;0;0;0;2;;;-1;1;Motociclo a solo;In marcia / fermata / arresto;Conducente;M;Illeso;0;;Non accertato;Inesistente
1766005;1;09/06/2008 17:40;Strada Urbana;VIA ARENULA;all'intersezione semaforizzata con;LUNGOTEVERE DE' CENCI;LUNGOTEVERE DE' CENCI;;;Scontro laterale fra veicoli in marcia;Intersezione semaforizzata;Una carreggiata a senso unico di marcia;Asciutto;Asfaltata;Verticale ed orizzontale;Sereno;Normale;Buona;Ore Diurne;0;0;0;2;;;-1;2;Autovettura privata;In marcia / fermata / arresto;Conducente;M;Illeso;0;;Non accertato;Inesistente
1766006;1;09/06/2008 18:30;Strada Urbana;CORSO VITTORIO EMANUELE II;in prossimità;;del civico n. ;124;;Scontro laterale fra veicoli in marcia;Rettilineo;Una carreggiata a doppio senso;Asciutto;Asfaltata;Verticale ed orizzontale;Sereno;Intenso;Buona;Ore Diurne;1;0;0;1;;;-1;1;Autovettura pubblica;In marcia / fermata / arresto;Conducente;M;Illeso;0;;Non accertato;Inesistente
1766006;1;09/06/2008 18:30;Strada Urbana;CORSO VITTORIO EMANUELE II;in prossimità;;del civico n. ;124;;Scontro laterale fra veicoli in marcia;Rettilineo;Una carreggiata a doppio senso;Asciutto;Asfaltata;Verticale ed orizzontale;Sereno;Intenso;Buona;Ore Diurne;1;0;0;1;;;-1;2;Motociclo a solo;In marcia / fermata / arresto;Conducente;M;Rimandato;0;NON DECEDUTO;Non accertato;Inesistente
1766007;1;10/06/2008 08:30;Strada Urbana;VIALE MARCO POLO;in prossimità;;del civico n. ;88;;Tamponamento;Rettilineo;Una carreggiata a doppio senso;Asciutto;Asfaltata;Assente;Sereno;Normale;Buona;Ore Diurne;1;0;0;2;;;-1;1;Autovettura privata;In marcia / fermata / arresto;Conducente;M;Illeso;0;;Non accertato;Inesistente
1766007;1;10/06/2008 08:30;Strada Urbana;VIALE MARCO POLO;in prossimità;;del civico n. ;88;;Tamponamento;Rettilineo;Una carreggiata a doppio senso;Asciutto;Asfaltata;Assente;Sereno;Normale;Buona;Ore Diurne;1;0;0;2;;;-1;1;Autovettura privata;In marcia / fermata / arresto;Passeggero;F;Rimandato;0;NON DECEDUTO;Non accertato;Inesistente
1766007;1;10/06/2008 08:30;Strada Urbana;VIALE MARCO POLO;in prossimità;;del civico n. ;88;;Tamponamento;Rettilineo;Una carreggiata a doppio senso;Asciutto;Asfaltata;Assente;Sereno;Normale;Buona;Ore Diurne;1;0;0;2;;;-1;2;Autovettura privata;In marcia / fermata / arresto;Conducente;M;Illeso;0;;Non accertato;Inesistente
1766008;1;10/06/2008 08:50;Strada Urbana;LARGO DI TORRE ARGENTINA;all'intersezione semaforizzata con;VIA DI TORRE ARGENTINA;VIA DI TORRE ARGENTINA;;;Scontro laterale fra veicoli in marcia;Intersezione semaforizzata;Una carreggiata a doppio senso;Asciutto;Asfaltata;Verticale ed orizzontale;Sereno;Normale;Buona;Ore Diurne;0;0;0;2;;;-1;1;Autovettura privata;In marcia / fermata / arresto;Conducente;M;Illeso;0;;Utilizzato;Inesistente
1766008;1;10/06/2008 08:50;Strada Urbana;LARGO DI TORRE ARGENTINA;all'intersezione semaforizzata con;VIA DI TORRE ARGENTINA;VIA DI TORRE ARGENTINA;;;Scontro laterale fra veicoli in marcia;Intersezione semaforizzata;Una carreggiata a doppio senso;Asciutto;Asfaltata;Verticale ed orizzontale;Sereno;Normale;Buona;Ore Diurne;0;0;0;2;;;-1;2;Autovettura pubblica;In marcia / fermata / arresto;Conducente;M;Illeso;0;;Utilizzato;Inesistente
1766009;1;10/06/2008 09:30;Strada Urbana;VIA DEL CORSO;all'intersezione semaforizzata con;VIA DEL PARLAMENTO;VIA DEL PARLAMENTO;;;Tamponamento;Intersezione semaforizzata;Una carreggiata a senso unico di marcia;Asciutto;Asfaltata;Assente;Sereno;Intenso;Buona;Ore Diurne;1;0;0;1;;;-1;1;Autovettura privata;In marcia / fermata / arresto;Conducente;M;Rimandato;0;NON DECEDUTO;Non accertato;Inesistente
1766009;1;10/06/2008 09:30;Strada Urbana;VIA DEL CORSO;all'intersezione semaforizzata con;VIA DEL PARLAMENTO;VIA DEL PARLAMENTO;;;Tamponamento;Intersezione semaforizzata;Una carreggiata a senso unico di marcia;Asciutto;Asfaltata;Assente;Sereno;Intenso;Buona;Ore Diurne;1;0;0;1;;;-1;2;Autovettura privata;In marcia / fermata / arresto;Conducente;M;Illeso;0;;Non accertato;Inesistente
1766010;1;10/06/2008 10:10;Strada Urbana;PIAZZA DELLA CHIESA NUOVA;in prossimità;;del palo luce n. ;0;;Scontro frontale/laterale SX fra veicoli in marcia;Rettilineo;Una carreggiata a doppio senso;Asciutto;Asfaltata;Verticale ed orizzontale;Sereno;Intenso;Buona;Ore Diurne;1;0;0;1;;;-1;1;Motociclo a solo;In marcia / fermata / arresto;Conducente;M;Rimandato;0;NON DECEDUTO;Non accertato;Inesistente
1766010;1;10/06/2008 10:10;Strada Urbana;PIAZZA DELLA CHIESA NUOVA;in prossimità;;del palo luce n. ;0;;Scontro frontale/laterale SX fra veicoli in marcia;Rettilineo;Una carreggiata a doppio senso;Asciutto;Asfaltata;Verticale ed orizzontale;Sereno;Intenso;Buona;Ore Diurne;1;0;0;1;;;-1;2;Autovettura pubblica;In marcia / fermata / arresto;Conducente;M;Illeso;0;;Utilizzato;Inesistente
1766011;1;10/06/2008 12:00;Strada Urbana;PIAZZA DI PORTA S. GIOVANNI;da specificare;;;;fronte statua di S.FRANCESCO;Veicolo in marcia contro veicolo fermo;Rettilineo;Una carreggiata a doppio senso;Asciutto;Asfaltata;Verticale ed orizzontale;Nuvoloso;Normale;Buona;Ore Diurne;1;0;0;1;;;-1;1;Motociclo a solo;In marcia / fermata / arresto;Conducente;F;Ricoverato;0;NON DECEDUTO;Non accertato;Inesistente
1766011;1;10/06/2008 12:00;Strada Urbana;PIAZZA DI PORTA S. GIOVANNI;da specificare;;;;fronte statua di S.FRANCESCO;Veicolo in marcia contro veicolo fermo;Rettilineo;Una carreggiata a doppio senso;Asciutto;Asfaltata;Verticale ed orizzontale;Nuvoloso;Normale;Buona;Ore Diurne;1;0;0;1;;;-1;2;Autovettura privata;In marcia / fermata / arresto;Conducente;M;Illeso;0;;Non accertato;Inesistente
1766012;1;10/06/2008 13:10;Strada Urbana;VIA CERNAIA;all'intersezione semaforizzata con;PIAZZA DELLE FINANZE;PIAZZA DELLE FINANZE;;;Scontro frontale/laterale SX fra veicoli in marcia;Intersezione semaforizzata;Una carreggiata a senso unico di marcia;Asciutto;Asfaltata;Verticale ed orizzontale;Sereno;Normale;Buona;Ore Diurne;1;0;0;1;;;-1;1;Autovettura privata;In marcia / fermata / arresto;Conducente;M;Illeso;0;;Utilizzato;Inesistente
1766012;1;10/06/2008 13:10;Strada Urbana;VIA CERNAIA;all'intersezione semaforizzata con;PIAZZA DELLE FINANZE;PIAZZA DELLE FINANZE;;;Scontro frontale/laterale SX fra veicoli in marcia;Intersezione semaforizzata;Una carreggiata a senso unico di marcia;Asciutto;Asfaltata;Verticale ed orizzontale;Sereno;Normale;Buona;Ore Diurne;1;0;0;1;;;-1;2;Motociclo a solo;In marcia / fermata / arresto;Conducente;M;Rimandato;0;NON DECEDUTO;Utilizzato;Inesistente
1766013;1;10/06/2008 14:00;Strada Urbana;VIALE PRETORIANO;all'intersezione semaforizzata con;VIALE PIERO GOBETTI;VIALE PIERO GOBETTI;;;Scontro laterale fra veicoli in marcia;Intersezione semaforizzata;Una carreggiata a doppio senso;Asciutto;Asfaltata;Verticale ed orizzontale;Sereno;Normale;Buona;Ore Diurne;1;0;0;1;;;-1;1;Motociclo a solo;In marcia / fermata / arresto;Conducente;M;Illeso;0;;Non accertato;Inesistente
1766013;1;10/06/2008 14:00;Strada Urbana;VIALE PRETORIANO;all'intersezione semaforizzata con;VIALE PIERO GOBETTI;VIALE PIERO GOBETTI;;;Scontro laterale fra veicoli in marcia;Intersezione semaforizzata;Una carreggiata a doppio senso;Asciutto;Asfaltata;Verticale ed orizzontale;Sereno;Normale;Buona;Ore Diurne;1;0;0;1;;;-1;2;Motociclo a solo;In marcia / fermata / arresto;Conducente;M;Rimandato;0;NON DECEDUTO;Non accertato;Inesistente
1766014;1;10/06/2008 15:50;Strada Urbana;VIA VITTORIO VENETO;all'intersezione con;VIA MOLISE;VIA MOLISE;;;Tamponamento Multiplo;Incrocio;Una carreggiata a doppio senso;Asciutto;Asfaltata;Verticale ed orizzontale;Sereno;Normale;Buona;Ore Diurne;1;0;0;3;;;-1;1;Autovettura pubblica;In marcia / fermata / arresto;Conducente;M;Illeso;0;;Non accertato;Inesistente
1766014;1;10/06/2008 15:50;Strada Urbana;VIA VITTORIO VENETO;all'intersezione con;VIA MOLISE;VIA MOLISE;;;Tamponamento Multiplo;Incrocio;Una carreggiata a doppio senso;Asciutto;Asfaltata;Verticale ed orizzontale;Sereno;Normale;Buona;Ore Diurne;1;0;0;3;;;-1;2;Autovettura privata;In marcia / fermata / arresto;Conducente;M;Illeso;0;;Non accertato;Inesistente
1766014;1;10/06/2008 15:50;Strada Urbana;VIA VITTORIO VENETO;all'intersezione con;VIA MOLISE;VIA MOLISE;;;Tamponamento Multiplo;Incrocio;Una carreggiata a doppio senso;Asciutto;Asfaltata;Verticale ed orizzontale;Sereno;Normale;Buona;Ore Diurne;1;0;0;3;;;-1;3;Autovettura privata;In marcia / fermata / arresto;Conducente;F;Rifiuta cure immediate;0;NON DECEDUTO;Non accertato;Inesploso
1766014;1;10/06/2008 15:50;Strada Urbana;VIA VITTORIO VENETO;all'intersezione con;VIA MOLISE;VIA MOLISE;;;Tamponamento Multiplo;Incrocio;Una carreggiata a doppio senso;Asciutto;Asfaltata;Verticale ed orizzontale;Sereno;Normale;Buona;Ore Diurne;1;0;0;3;;;-1;3;Autovettura privata;In marcia / fermata / arresto;Passeggero;F;Illeso;0;;Non accertato;Inesploso
1766015;1;10/06/2008 18:10;Strada Urbana;VIA DEL CIRCO MASSIMO;all'intersezione con;PIAZZALE UGO LA MALFA;PIAZZALE UGO LA MALFA;;;Scontro frontale/laterale SX fra veicoli in marcia;Incrocio;Due carreggiate;Asciutto;Asfaltata;Verticale ed orizzontale;Sereno;Normale;Buona;Ore Diurne;1;0;0;1;;;-1;1;Motociclo a solo;In marcia / fermata / arresto;Conducente;M;Illeso;0;;Non accertato;Inesistente
1766015;1;10/06/2008 18:10;Strada Urbana;VIA DEL CIRCO MASSIMO;all'intersezione con;PIAZZALE UGO LA MALFA;PIAZZALE UGO LA MALFA;;;Scontro frontale/laterale SX fra veicoli in marcia;Incrocio;Due carreggiate;Asciutto;Asfaltata;Verticale ed orizzontale;Sereno;Normale;Buona;Ore Diurne;1;0;0;1;;;-1;2;Motociclo a solo;In marcia / fermata / arresto;Conducente;M;Rimandato;0;NON DECEDUTO;Utilizzato;Inesistente
1766016;1;10/06/2008 18:20;Strada Urbana;VIA DANDOLO;all'intersezione con;VIA NICOLA FABRIZI;VIA NICOLA FABRIZI;;;Scontro laterale fra veicoli in marcia;Incrocio;Una carreggiata a doppio senso;Asciutto;Asfaltata;Orizzontale;Sereno;Normale;Buona;Ore Diurne;1;0;0;1;;;-1;1;Autovettura privata;In marcia / fermata / arresto;Conducente;M;Illeso;0;;Non accertato;Inesistente
1766016;1;10/06/2008 18:20;Strada Urbana;VIA DANDOLO;all'intersezione con;VIA NICOLA FABRIZI;VIA NICOLA FABRIZI;;;Scontro laterale fra veicoli in marcia;Incrocio;Una carreggiata a doppio senso;Asciutto;Asfaltata;Orizzontale;Sereno;Normale;Buona;Ore Diurne;1;0;0;1;;;-1;2;Velocipede;In marcia / fermata / arresto;Conducente;F;Rimandato;0;NON DECEDUTO;Non accertato;Inesistente
1766017;1;12/06/2008 14:05;Strada Urbana;LUNGOTEVERE DE' CENCI;all'intersezione semaforizzata con;PONTE GARIBALDI;PONTE GARIBALDI;;;Scontro laterale fra veicoli in marcia;Intersezione semaforizzata;Una carreggiata a senso unico di marcia;Asciutto;Asfaltata;Verticale ed orizzontale;Nuvoloso;Normale;Buona;Ore Diurne;1;0;0;1;;;-1;1;Autovettura privata;In marcia / fermata / arresto;Conducente;M;Illeso;0;;Utilizzato;Inesploso
1766017;1;12/06/2008 14:05;Strada Urbana;LUNGOTEVERE DE' CENCI;all'intersezione semaforizzata con;PONTE GARIBALDI;PONTE GARIBALDI;;;Scontro laterale fra veicoli in marcia;Intersezione semaforizzata;Una carreggiata a senso unico di marcia;Asciutto;Asfaltata;Verticale ed orizzontale;Nuvoloso;Normale;Buona;Ore Diurne;1;0;0;1;;;-1;2;Motociclo a solo;In marcia / fermata / arresto;Conducente;F;Rifiuta cure immediate;0;NON DECEDUTO;Utilizzato;Inesistente
1766018;1;13/06/2008 17:45;Strada Urbana;PIAZZA VITTORIO EMANUELE II;all'intersezione con;VIA BUONARROTI;VIA BUONARROTI;;;Scontro frontale/laterale SX fra veicoli in marcia;Incrocio;Una carreggiata a doppio senso;Asciutto;Asfaltata;Orizzontale;Sereno;Normale;Buona;Ore Diurne;1;0;0;2;;;-1;1;Autovettura privata;In marcia / fermata / arresto;Conducente;M;Illeso;0;;Non accertato;Inesistente
1766018;1;13/06/2008 17:45;Strada Urbana;PIAZZA VITTORIO EMANUELE II;all'intersezione con;VIA BUONARROTI;VIA BUONARROTI;;;Scontro frontale/laterale SX fra veicoli in marcia;Incrocio;Una carreggiata a doppio senso;Asciutto;Asfaltata;Orizzontale;Sereno;Normale;Buona;Ore Diurne;1;0;0;2;;;-1;2;Motociclo a solo;In marcia / fermata / arresto;Conducente;M;Rifiuta cure immediate;0;NON DECEDUTO;Non accertato;Inesistente
1766018;1;13/06/2008 17:45;Strada Urbana;PIAZZA VITTORIO EMANUELE II;all'intersezione con;VIA BUONARROTI;VIA BUONARROTI;;;Scontro frontale/laterale SX fra veicoli in marcia;Incrocio;Una carreggiata a doppio senso;Asciutto;Asfaltata;Orizzontale;Sereno;Normale;Buona;Ore Diurne;1;0;0;2;;;-1;2;Motociclo a solo;In marcia / fermata / arresto;Passeggero;F;Illeso;0;;Non accertato;Inesistente
1766020;11;13/06/2008 11:10;Provinciale entro l'abitato;VIA ARDEATINA;in prossimità;;del civico n. ;933;;Scontro laterale fra veicoli in marcia;Rettilineo;Una carreggiata a doppio senso;Asciutto;Asfaltata;Orizzontale;Sereno;Normale;Buona;Ore Diurne;1;0;1;0;;;-1;1;Veicolo speciale;In marcia / fermata / arresto;Conducente;M;Rimandato;0;NON DECEDUTO;Non accertato;Inesistente
1766020;11;13/06/2008 11:10;Provinciale entro l'abitato;VIA ARDEATINA;in prossimità;;del civico n. ;933;;Scontro laterale fra veicoli in marcia;Rettilineo;Una carreggiata a doppio senso;Asciutto;Asfaltata;Orizzontale;Sereno;Normale;Buona;Ore Diurne;1;0;1;0;;;-1;2;Motociclo a solo;In marcia / fermata / arresto;Conducente;M;Deceduto sul posto;-1;;Utilizzato;Inesistente
1766021;12;12/06/2008 13:45;Altra strada;VIA DEGLI AGROSTEMMI;all'intersezione con;VIA DELLA STAZIONE DI PAVONA;VIA DELLA STAZIONE DI PAVONA;;;Veicolo in marcia contro ostacolo accidentale;Intersezione stradale segnalata;Una carreggiata a doppio senso;Asciutto;Asfaltata;Verticale ed orizzontale;Sereno;Scarso;Buona;Ore Diurne;0;0;0;1;;;-1;1;Autovettura privata;In marcia / fermata / arresto;Conducente;M;Illeso;0;;Utilizzato;Inesploso
1766022;12;13/06/2008 10:45;Strada Urbana;LARGO DELLA CECCHIGNOLA;all'intersezione con;VIA LAURENTINA;VIA LAURENTINA;;;Tamponamento;Incrocio;Una carreggiata a doppio senso;Asciutto;Asfaltata;Verticale ed orizzontale;Sereno;Normale;Buona;Ore Diurne;3;0;0;2;;;-1;1;Autovettura privata;In marcia / fermata / arresto;Conducente;M;Rimandato;0;NON DECEDUTO;Utilizzato;Inesistente
1766022;12;13/06/2008 10:45;Strada Urbana;LARGO DELLA CECCHIGNOLA;all'intersezione con;VIA LAURENTINA;VIA LAURENTINA;;;Tamponamento;Incrocio;Una carreggiata a doppio senso;Asciutto;Asfaltata;Verticale ed orizzontale;Sereno;Normale;Buona;Ore Diurne;3;0;0;2;;;-1;1;Autovettura privata;In marcia / fermata / arresto;Passeggero;M;Rimandato;0;NON DECEDUTO;Utilizzato;Inesistente
1766022;12;13/06/2008 10:45;Strada Urbana;LARGO DELLA CECCHIGNOLA;all'intersezione con;VIA LAURENTINA;VIA LAURENTINA;;;Tamponamento;Incrocio;Una carreggiata a doppio senso;Asciutto;Asfaltata;Verticale ed orizzontale;Sereno;Normale;Buona;Ore Diurne;3;0;0;2;;;-1;1;Autovettura privata;In marcia / fermata / arresto;Passeggero;M;Rimandato;0;NON DECEDUTO;Utilizzato;Inesistente
1766022;12;13/06/2008 10:45;Strada Urbana;LARGO DELLA CECCHIGNOLA;all'intersezione con;VIA LAURENTINA;VIA LAURENTINA;;;Tamponamento;Incrocio;Una carreggiata a doppio senso;Asciutto;Asfaltata;Verticale ed orizzontale;Sereno;Normale;Buona;Ore Diurne;3;0;0;2;;;-1;2;Autovettura privata;In marcia / fermata / arresto;Conducente;F;Illeso;0;;Utilizzato;Inesistente