Protocollo;Gruppo;DataOraIncidente;Localizzazione1;STRADA1;Localizzazione2;STRADA2;Strada02;Chilometrica;DaSpecificare;NaturaIncidente;particolaritastrade;TipoStrada;FondoStradale;Pavimentazione;Segnaletica;CondizioneAtmosferica;Traffico;Visibilita;Illuminazione;NUM_FERITI;NUM_RISERVATA;NUM_MORTI;NUM_ILLESI;Longitudine;Latitudine;Confermato;Progressivo;TipoVeicolo;StatoVeicolo;TipoPersona;Sesso;Tipolesione;Deceduto;DecedutoDopo;CinturaCascoUtilizzato;Airbag
1766291;12;15/06/2008 11:20;Strada Urbana;VIA LAURENTINA;all'intersezione con;VIA DI TOR PAGNOTTA;VIA DI TOR PAGNOTTA;;;Scontro laterale fra veicoli in marcia;Intersezione semaforizzata;Due carreggiate;Asciutto;Asfaltata;Verticale ed orizzontale;Sereno;Normale;Buona;Ore Diurne;1;0;0;2;;;-1;2;Motociclo con passeggero;In marcia / fermata / arresto;Conducente;M;Illeso;0;;Utilizzato;Inesistente
1766291;12;15/06/2008 11:20;Strada Urbana;VIA LAURENTINA;all'intersezione con;VIA DI TOR PAGNOTTA;VIA DI TOR PAGNOTTA;;;Scontro laterale fra veicoli in marcia;Intersezione semaforizzata;Due carreggiate;Asciutto;Asfaltata;Verticale ed orizzontale;Sereno;Normale;Buona;Ore Diurne;1;0;0;2;;;-1;2;Motociclo con passeggero;In marcia / fermata / arresto;Passeggero;F;Rimandato;0;NON DECEDUTO;Utilizzato;Inesistente
1766292;12;16/06/2008 17:10;Strada Urbana;VIA DI TRIGORIA;all'intersezione con;VIA PIER CARLO BOGGIO;VIA PIER CARLO BOGGIO;;;Scontro frontale/laterale SX fra veicoli in marcia;Incrocio;Una carreggiata a doppio senso;Asciutto;Asfaltata;Verticale ed orizzontale;Sereno;Normale;Buona;Ore Diurne;1;0;0;1;;;-1;1;Autovettura privata;In marcia / fermata / arresto;Conducente;M;Rimandato;0;NON DECEDUTO;Utilizzato;Inesploso
1766292;12;16/06/2008 17:10;Strada Urbana;VIA DI TRIGORIA;all'intersezione con;VIA PIER CARLO BOGGIO;VIA PIER CARLO BOGGIO;;;Scontro frontale/laterale SX fra veicoli in marcia;Incrocio;Una carreggiata a doppio senso;Asciutto;Asfaltata;Verticale ed orizzontale;Sereno;Normale;Buona;Ore Diurne;1;0;0;1;;;-1;2;Autovettura privata;In marcia / fermata / arresto;Conducente;M;Illeso;0;;Utilizzato;Inesploso
1766293;12;16/06/2008 20:30;Strada Urbana;VIA VINICIO CORTESE;da specificare;;;;fr. civico  162;Tamponamento Multiplo;Rettilineo;Una carreggiata a doppio senso;Asciutto;Asfaltata;Verticale ed orizzontale;Sereno;Scarso;Buona;Ore Diurne;0;0;0;4;;;-1;1;Motociclo a solo;In marcia / fermata / arresto;Conducente;M;Illeso;0;;Utilizzato;Inesploso
1766293;12;16/06/2008 20:30;Strada Urbana;VIA VINICIO CORTESE;da specificare;;;;fr. civico  162;Tamponamento Multiplo;Rettilineo;Una carreggiata a doppio senso;Asciutto;Asfaltata;Verticale ed orizzontale;Sereno;Scarso;Buona;Ore Diurne;0;0;0;4;;;-1;2;Autovettura privata;In marcia / fermata / arresto;Conducente;F;Illeso;0;;Utilizzato;Inesploso
1766293;12;16/06/2008 20:30;Strada Urbana;VIA VINICIO CORTESE;da specificare;;;;fr. civico  162;Tamponamento Multiplo;Rettilineo;Una carreggiata a doppio senso;Asciutto;Asfaltata;Verticale ed orizzontale;Sereno;Scarso;Buona;Ore Diurne;0;0;0;4;;;-1;3;Autovettura pubblica;In marcia / fermata / arresto;Conducente;M;Illeso;0;;Utilizzato;Esploso
1766293;12;16/06/2008 20:30;Strada Urbana;VIA VINICIO CORTESE;da specificare;;;;fr. civico  162;Tamponamento Multiplo;Rettilineo;Una carreggiata a doppio senso;Asciutto;Asfaltata;Verticale ed orizzontale;Sereno;Scarso;Buona;Ore Diurne;0;0;0;4;;;-1;4;Autovettura privata;In marcia / fermata / arresto;Conducente;M;Illeso;0;;Utilizzato;Inesploso
1766294;12;17/06/2008 08:15;Strada Urbana;VIA DI CASTEL DI LEVA;in prossimità;;del civico n. ;300;;Scontro frontale/laterale SX fra veicoli in marcia;Rettilineo;Una carreggiata a doppio senso;Asciutto;Asfaltata;Verticale ed orizzontale;Sereno;Intenso;Buona;Ore Diurne;1;0;0;1;;;-1;1;Motociclo a solo;In marcia / fermata / arresto;Conducente;M;Rimandato;0;NON DECEDUTO;Utilizzato;Inesistente
1766294;12;17/06/2008 08:15;Strada Urbana;VIA DI CASTEL DI LEVA;in prossimità;;del civico n. ;300;;Scontro frontale/laterale SX fra veicoli in marcia;Rettilineo;Una carreggiata a doppio senso;Asciutto;Asfaltata;Verticale ed orizzontale;Sereno;Intenso;Buona;Ore Diurne;1;0;0;1;;;-1;2;Autovettura privata;In marcia / fermata / arresto;Conducente;M;Illeso;0;;Utilizzato;Inesploso
1766295;13;16/06/2008 09:20;Strada Urbana;VIA TANCREDI CHIARALUCE;in corrispondenza;;del civico n. ;5;;Scontro laterale fra veicoli in marcia;Curva a visuale libera;Una carreggiata a doppio senso;Asciutto;Asfaltata;Orizzontale;Sereno;Normale;Buona;Ore Diurne;2;0;0;0;;;-1;1;Autovettura privata;In marcia / fermata / arresto;Conducente;F;Rimandato;0;NON DECEDUTO;Non accertato;Esploso
1766295;13;16/06/2008 09:20;Strada Urbana;VIA TANCREDI CHIARALUCE;in corrispondenza;;del civico n. ;5;;Scontro laterale fra veicoli in marcia;Curva a visuale libera;Una carreggiata a doppio senso;Asciutto;Asfaltata;Orizzontale;Sereno;Normale;Buona;Ore Diurne;2;0;0;0;;;-1;2;Autovettura privata;In marcia / fermata / arresto;Conducente;M;Rimandato;0;NON DECEDUTO;Non accertato;Esploso
1766296;13;16/06/2008 14:10;Strada Urbana;VIA MAIERATO;da specificare;;;;Altezza civico 144;Scontro frontale/laterale DX fra veicoli in marcia;Rettilineo;Una carreggiata a doppio senso;Asciutto;Asfaltata;Orizzontale;Sereno;Scarso;Buona;Ore Diurne;1;0;0;1;;;-1;1;Motociclo a solo;In marcia / fermata / arresto;Conducente;F;Rimandato;0;NON DECEDUTO;Non accertato;Inesploso
1766296;13;16/06/2008 14:10;Strada Urbana;VIA MAIERATO;da specificare;;;;Altezza civico 144;Scontro frontale/laterale DX fra veicoli in marcia;Rettilineo;Una carreggiata a doppio senso;Asciutto;Asfaltata;Orizzontale;Sereno;Scarso;Buona;Ore Diurne;1;0;0;1;;;-1;2;Autovettura privata;In marcia / fermata / arresto;Conducente;F;Illeso;0;;Non accertato;Inesploso
1766297;13;16/06/2008 16:30;Strada Urbana;VIALE DEI PROMONTORI;all'intersezione con;VIA FEDERICO PAOLINI;VIA FEDERICO PAOLINI;;;Scontro frontale/laterale SX fra veicoli in marcia;Incrocio;Due carreggiate;Asciutto;Asfaltata;Orizzontale;Sereno;Normale;Buona;Ore Diurne;0;0;0;3;;;-1;1;Autovettura privata;In marcia / fermata / arresto;Conducente;F;Illeso;0;;Non accertato;Inesploso
1766297;13;16/06/2008 16:30;Strada Urbana;VIALE DEI PROMONTORI;all'intersezione con;VIA FEDERICO PAOLINI;VIA FEDERICO PAOLINI;;;Scontro frontale/laterale SX fra veicoli in marcia;Incrocio;Due carreggiate;Asciutto;Asfaltata;Orizzontale;Sereno;Normale;Buona;Ore Diurne;0;0;0;3;;;-1;2;Autovettura privata;In marcia / fermata / arresto;Conducente;F;Illeso;0;;Non accertato;Inesploso
1766297;13;16/06/2008 16:30;Strada Urbana;VIALE DEI PROMONTORI;all'intersezione con;VIA FEDERICO PAOLINI;VIA FEDERICO PAOLINI;;;Scontro frontale/laterale SX fra veicoli in marcia;Incrocio;Due carreggiate;Asciutto;Asfaltata;Orizzontale;Sereno;Normale;Buona;Ore Diurne;0;0;0;3;;;-1;2;Autovettura privata;In marcia / fermata / arresto;Passeggero;F;Illeso;0;;Non accertato;Inesploso
1766298;13;16/06/2008 19:35;Strada Urbana;VIA ARMANDO ARMUZZI;all'intersezione con;PIAZZALE DELLA POSTA;PIAZZALE DELLA POSTA;;;Veicolo in marcia contro ostacolo fisso;Incrocio;Una carreggiata a doppio senso;Asciutto;Asfaltata;Verticale ed orizzontale;Sereno;Normale;Buona;Ore Diurne;1;0;0;0;;;-1;1;Motociclo a solo;In marcia / fermata / arresto;Conducente;M;Rimandato;0;NON DECEDUTO;Non accertato;Inesploso
1766299;15;16/06/2008 08:55;Strada Urbana;VIA PORTUENSE;all'intersezione con;VIA DEGLI IRLANDESI;VIA DEGLI IRLANDESI;;;Scontro frontale/laterale DX fra veicoli in marcia;Intersezione semaforizzata;Una carreggiata a doppio senso;Asciutto;Asfaltata;Verticale ed orizzontale;Sereno;Intenso;Buona;Ore Diurne;0;0;0;2;;;-1;1;Motociclo a solo;In marcia / fermata / arresto;Conducente;M;Illeso;0;;Utilizzato;Inesistente
1766299;15;16/06/2008 08:55;Strada Urbana;VIA PORTUENSE;all'intersezione con;VIA DEGLI IRLANDESI;VIA DEGLI IRLANDESI;;;Scontro frontale/laterale DX fra veicoli in marcia;Intersezione semaforizzata;Una carreggiata a doppio senso;Asciutto;Asfaltata;Verticale ed orizzontale;Sereno;Intenso;Buona;Ore Diurne;0;0;0;2;;;-1;2;Autobus urbano;In marcia / fermata / arresto;Conducente;M;Illeso;0;;Utilizzato;Inesistente
1766300;15;16/06/2008 10:25;Strada Urbana;VIA DELLA MAGLIANA NUOVA;all'intersezione semaforizzata con;VIA DI VILLA BONELLI;VIA DI VILLA BONELLI;;;Infortunio per caduta del veicolo;Intersezione semaforizzata;Una carreggiata a doppio senso;Asciutto;Asfaltata;Verticale ed orizzontale;Sereno;Normale;Buona;Ore Diurne;1;0;0;1;;;-1;1;Autocarro inferiore 35 q.;In marcia / fermata / arresto;Conducente;F;Rimandato;0;NON DECEDUTO;Utilizzato;Inesistente
1766300;15;16/06/2008 10:25;Strada Urbana;VIA DELLA MAGLIANA NUOVA;all'intersezione semaforizzata con;VIA DI VILLA BONELLI;VIA DI VILLA BONELLI;;;Infortunio per caduta del veicolo;Intersezione semaforizzata;Una carreggiata a doppio senso;Asciutto;Asfaltata;Verticale ed orizzontale;Sereno;Normale;Buona;Ore Diurne;1;0;0;1;;;-1;2;Autovettura privata;In marcia / fermata / arresto;Conducente;F;Illeso;0;;Utilizzato;Inesistente
1766301;15;16/06/2008 14:00;Strada Urbana;VIA DELLA MAGLIANA;in prossimità;;del civico n. ;100;;Tamponamento;Rettilineo;Una carreggiata a doppio senso;Asciutto;Asfaltata;Verticale;Sereno;Scarso;Buona;Ore Diurne;0;0;0;3;;;-1;1;Autovettura privata;In marcia / fermata / arresto;Conducente;M;Illeso;0;;Utilizzato;Inesistente
1766301;15;16/06/2008 14:00;Strada Urbana;VIA DELLA MAGLIANA;in prossimità;;del civico n. ;100;;Tamponamento;Rettilineo;Una carreggiata a doppio senso;Asciutto;Asfaltata;Verticale;Sereno;Scarso;Buona;Ore Diurne;0;0;0;3;;;-1;1;Autovettura privata;In marcia / fermata / arresto;Passeggero;M;Illeso;0;;Utilizzato;Inesistente
1766301;15;16/06/2008 14:00;Strada Urbana;VIA DELLA MAGLIANA;in prossimità;;del civico n. ;100;;Tamponamento;Rettilineo;Una carreggiata a doppio senso;Asciutto;Asfaltata;Verticale;Sereno;Scarso;Buona;Ore Diurne;0;0;0;3;;;-1;2;Autovettura privata;In marcia / fermata / arresto;Conducente;M;Illeso;0;;Utilizzato;Inesistente
1766302;15;16/06/2008 15:40;Strada Urbana;VIA DELLA MAGLIANA;all'intersezione con;VIA SCARPERIA;VIA SCARPERIA;;;Scontro laterale fra veicoli in marcia;Incrocio;Una carreggiata a doppio senso;Asciutto;Asfaltata;Orizzontale;Sereno;Normale;Buona;Ore Diurne;2;0;0;0;;;-1;1;Autovettura privata;In marcia / fermata / arresto;Conducente;M;Rimandato;0;NON DECEDUTO;Utilizzato;Inesistente
1766302;15;16/06/2008 15:40;Strada Urbana;VIA DELLA MAGLIANA;all'intersezione con;VIA SCARPERIA;VIA SCARPERIA;;;Scontro laterale fra veicoli in marcia;Incrocio;Una carreggiata a doppio senso;Asciutto;Asfaltata;Orizzontale;Sereno;Normale;Buona;Ore Diurne;2;0;0;0;;;-1;2;Motociclo a solo;In marcia / fermata / arresto;Conducente;M;Rimandato;0;NON DECEDUTO;Utilizzato;Inesistente
1766305;18;12/06/2008 15:45;Strada Urbana;VIA DELLA MAGLIANELLA;all'intersezione con;RAMPA USCITA G.R.A. CARREGGIATA INTERNA;RAMPA USCITA G.R.A. CARREGGIATA INTERNA;;;Tamponamento Multiplo;Intersezione stradale segnalata;Una carreggiata a doppio senso;Asciutto;Asfaltata;Verticale ed orizzontale;Sereno;Normale;Buona;Ore Diurne;2;0;0;4;;;-1;1;Autovettura privata;In marcia / fermata / arresto;Conducente;F;Rimandato;0;NON DECEDUTO;Non accertato;Inesploso
1766305;18;12/06/2008 15:45;Strada Urbana;VIA DELLA MAGLIANELLA;all'intersezione con;RAMPA USCITA G.R.A. CARREGGIATA INTERNA;RAMPA USCITA G.R.A. CARREGGIATA INTERNA;;;Tamponamento Multiplo;Intersezione stradale segnalata;Una carreggiata a doppio senso;Asciutto;Asfaltata;Verticale ed orizzontale;Sereno;Normale;Buona;Ore Diurne;2;0;0;4;;;-1;2;Autovettura privata;In marcia / fermata / arresto;Conducente;M;Illeso;0;;Non accertato;Inesploso
1766305;18;12/06/2008 15:45;Strada Urbana;VIA DELLA MAGLIANELLA;all'intersezione con;RAMPA USCITA G.R.A. CARREGGIATA INTERNA;RAMPA USCITA G.R.A. CARREGGIATA INTERNA;;;Tamponamento Multiplo;Intersezione stradale segnalata;Una carreggiata a doppio senso;Asciutto;Asfaltata;Verticale ed orizzontale;Sereno;Normale;Buona;Ore Diurne;2;0;0;4;;;-1;3;Autovettura privata;In marcia / fermata / arresto;Conducente;M;Rifiuta cure immediate;0;NON DECEDUTO;Non accertato;Inesploso
1766305;18;12/06/2008 15:45;Strada Urbana;VIA DELLA MAGLIANELLA;all'intersezione con;RAMPA USCITA G.R.A. CARREGGIATA INTERNA;RAMPA USCITA G.R.A. CARREGGIATA INTERNA;;;Tamponamento Multiplo;Intersezione stradale segnalata;Una carreggiata a doppio senso;Asciutto;Asfaltata;Verticale ed orizzontale;Sereno;Normale;Buona;Ore Diurne;2;0;0;4;;;-1;3;Autovettura privata;In marcia / fermata / arresto;Passeggero;M;Illeso;0;;Non accertato;Inesistente
1766305;18;12/06/2008 15:45;Strada Urbana;VIA DELLA MAGLIANELLA;all'intersezione con;RAMPA USCITA G.R.A. CARREGGIATA INTERNA;RAMPA USCITA G.R.A. CARREGGIATA INTERNA;;;Tamponamento Multiplo;Intersezione stradale segnalata;Una carreggiata a doppio senso;Asciutto;Asfaltata;Verticale ed orizzontale;Sereno;Normale;Buona;Ore Diurne;2;0;0;4;;;-1;3;Autovettura privata;In marcia / fermata / arresto;Passeggero;M;Illeso;0;;Non accertato;Inesistente
1766305;18;12/06/2008 15:45;Strada Urbana;VIA DELLA MAGLIANELLA;all'intersezione con;RAMPA USCITA G.R.A. CARREGGIATA INTERNA;RAMPA USCITA G.R.A. CARREGGIATA INTERNA;;;Tamponamento Multiplo;Intersezione stradale segnalata;Una carreggiata a doppio senso;Asciutto;Asfaltata;Verticale ed orizzontale;Sereno;Normale;Buona;Ore Diurne;2;0;0;4;;;-1;3;Autovettura privata;In marcia / fermata / arresto;Passeggero;M;Illeso;0;;Non accertato;Inesploso
1766306;18;13/06/2008 08:15;Statale entro l'abitato;VIA AURELIA;da specificare;;;;altezza corsia di immissione da Via Villa Troili;Scontro laterale fra veicoli in marcia;Rettilineo;Più di due carreggiate;Asciutto;Asfaltata;Verticale ed orizzontale;Sereno;Intenso;Buona;Ore Diurne;0;0;0;2;;;-1;1;Autovettura privata;In marcia / fermata / arresto;Conducente;M;Illeso;0;;Non accertato;Inesistente
1766306;18;13/06/2008 08:15;Statale entro l'abitato;VIA AURELIA;da specificare;;;;altezza corsia di immissione da Via Villa Troili;Scontro laterale fra veicoli in marcia;Rettilineo;Più di due carreggiate;Asciutto;Asfaltata;Verticale ed orizzontale;Sereno;Intenso;Buona;Ore Diurne;0;0;0;2;;;-1;2;Autocarro superiore 35 q.;In marcia / fermata / arresto;Conducente;M;Illeso;0;;Non accertato;Inesistente
1766307;18;13/06/2008 09:00;Strada Urbana;VIA DEI CASALI SANTOVETTI;da specificare;;;;intersezione con cavalcavia n. 1 Via Aurelia;Scontro frontale/laterale SX fra veicoli in marcia;Cavalcavia;Una carreggiata a senso unico di marcia;Asciutto;Asfaltata;Verticale ed orizzontale;Sereno;Normale;Buona;Ore Diurne;0;0;0;2;;;-1;1;Autovettura privata;In marcia / fermata / arresto;Conducente;M;Illeso;0;;Non accertato;Inesploso
1766307;18;13/06/2008 09:00;Strada Urbana;VIA DEI CASALI SANTOVETTI;da specificare;;;;intersezione con cavalcavia n. 1 Via Aurelia;Scontro frontale/laterale SX fra veicoli in marcia;Cavalcavia;Una carreggiata a senso unico di marcia;Asciutto;Asfaltata;Verticale ed orizzontale;Sereno;Normale;Buona;Ore Diurne;0;0;0;2;;;-1;2;Altro;In marcia / fermata / arresto;Conducente;M;Illeso;0;;Non accertato;Inesistente
1766309;18;13/06/2008 16:45;Strada Urbana;VIA GREGORIO VII;in corrispondenza;;del civico n. ;137;;Veicolo in marcia contro veicolo in sosta;Rettilineo;Più di due carreggiate;Asciutto;Asfaltata;Verticale ed orizzontale;Sereno;Normale;Buona;Ore Diurne;0;0;0;1;;;-1;1;Autovettura privata;In marcia / fermata / arresto;Conducente;M;Illeso;0;;Non accertato;Inesistente
1766310;18;13/06/2008 19:50;Strada Urbana;VIA AURELIA;da specificare;;;;"su cavalcavia n. 1 ""Panorama"" direzione Roma";Tamponamento;Rettilineo;Una carreggiata a doppio senso;Asciutto;Asfaltata;Verticale ed orizzontale;Sereno;Scarso;Buona;Ore Diurne;0;0;0;2;;;-1;1;Autovettura privata;In marcia / fermata / arresto;Conducente;F;Illeso;0;;Non accertato;Inesistente
1766310;18;13/06/2008 19:50;Strada Urbana;VIA AURELIA;da specificare;;;;"su cavalcavia n. 1 ""Panorama"" direzione Roma";Tamponamento;Rettilineo;Una carreggiata a doppio senso;Asciutto;Asfaltata;Verticale ed orizzontale;Sereno;Scarso;Buona;Ore Diurne;0;0;0;2;;;-1;2;Autovettura privata;In marcia / fermata / arresto;Conducente;M;Illeso;0;;Non accertato;Inesistente
1766311;18;13/06/2008 20:00;Strada Urbana;VIA GAETANO MAZZONI;all'intersezione con;VIA GIOVANNI SENZATERRA;VIA GIOVANNI SENZATERRA;;;Scontro frontale/laterale SX fra veicoli in marcia;Intersezione stradale segnalata;Una carreggiata a senso unico di marcia;Asciutto;Asfaltata;Verticale ed orizzontale;Sereno;Scarso;Sufficiente;Ore Diurne;2;0;0;1;;;-1;1;Motociclo con passeggero;In marcia / fermata / arresto;Conducente;M;Rimandato;0;NON DECEDUTO;Non accertato;Inesistente
1766311;18;13/06/2008 20:00;Strada Urbana;VIA GAETANO MAZZONI;all'intersezione con;VIA GIOVANNI SENZATERRA;VIA GIOVANNI SENZATERRA;;;Scontro frontale/laterale SX fra veicoli in marcia;Intersezione stradale segnalata;Una carreggiata a senso unico di marcia;Asciutto;Asfaltata;Verticale ed orizzontale;Sereno;Scarso;Sufficiente;Ore Diurne;2;0;0;1;;;-1;1;Motociclo con passeggero;In marcia / fermata / arresto;Passeggero;M;Rimandato;0;NON DECEDUTO;Non accertato;Inesistente
1766311;18;13/06/2008 20:00;Strada Urbana;VIA GAETANO MAZZONI;all'intersezione con;VIA GIOVANNI SENZATERRA;VIA GIOVANNI SENZATERRA;;;Scontro frontale/laterale SX fra veicoli in marcia;Intersezione stradale segnalata;Una carreggiata a senso unico di marcia;Asciutto;Asfaltata;Verticale ed orizzontale;Sereno;Scarso;Sufficiente;Ore Diurne;2;0;0;1;;;-1;2;Autovettura privata;In marcia / fermata / arresto;Conducente;M;Illeso;0;;Non accertato;Inesistente
1766312;18;14/06/2008;Strada Urbana;VIA DI BOCCEA;in corrispondenza;;del civico n. ;118;;Scontro laterale fra veicoli in marcia;Rettilineo;Una carreggiata a doppio senso;Asciutto;Asfaltata;Verticale ed orizzontale;Sereno;Scarso;Buona;Sufficiente;1;0;0;2;;;-1;1;Motociclo a solo;In marcia / fermata / arresto;Conducente;M;Illeso;0;;Non accertato;Inesistente
1766312;18;14/06/2008;Strada Urbana;VIA DI BOCCEA;in corrispondenza;;del civico n. ;118;;Scontro laterale fra veicoli in marcia;Rettilineo;Una carreggiata a doppio senso;Asciutto;Asfaltata;Verticale ed orizzontale;Sereno;Scarso;Buona;Sufficiente;1;0;0;2;;;-1;1;Motociclo a solo;In marcia / fermata / arresto;Passeggero;F;Rimandato;0;NON DECEDUTO;Non accertato;Inesistente
1766312;18;14/06/2008;Strada Urbana;VIA DI BOCCEA;in corrispondenza;;del civico n. ;118;;Scontro laterale fra veicoli in marcia;Rettilineo;Una carreggiata a doppio senso;Asciutto;Asfaltata;Verticale ed orizzontale;Sereno;Scarso;Buona;Sufficiente;1;0;0;2;;;-1;2;Autovettura privata;In marcia / fermata / arresto;Conducente;M;Illeso;0;;Non accertato;Inesploso
1766313;18;14/06/2008 11:30;Strada Urbana;CIRCONVALLAZIONE CORNELIA;all'intersezione semaforizzata con;PIAZZA DEI GIURECONSULTI;PIAZZA DEI GIURECONSULTI;;;Tamponamento;Intersezione semaforizzata;Una carreggiata a senso unico di marcia;Asciutto;Asfaltata;Verticale ed orizzontale;Sereno;Intenso;Buona;Ore Diurne;0;0;0;3;;;-1;1;Motociclo a solo;In marcia / fermata / arresto;Conducente;M;Illeso;0;;Non accertato;Inesistente
1766313;18;14/06/2008 11:30;Strada Urbana;CIRCONVALLAZIONE CORNELIA;all'intersezione semaforizzata con;PIAZZA DEI GIURECONSULTI;PIAZZA DEI GIURECONSULTI;;;Tamponamento;Intersezione semaforizzata;Una carreggiata a senso unico di marcia;Asciutto;Asfaltata;Verticale ed orizzontale;Sereno;Intenso;Buona;Ore Diurne;0;0;0;3;;;-1;2;Autovettura privata;In marcia / fermata / arresto;Conducente;M;Illeso;0;;Non accertato;Inesistente
1766313;18;14/06/2008 11:30;Strada Urbana;CIRCONVALLAZIONE CORNELIA;all'intersezione semaforizzata con;PIAZZA DEI GIURECONSULTI;PIAZZA DEI GIURECONSULTI;;;Tamponamento;Intersezione semaforizzata;Una carreggiata a senso unico di marcia;Asciutto;Asfaltata;Verticale ed orizzontale;Sereno;Intenso;Buona;Ore Diurne;0;0;0;3;;;-1;2;Autovettura privata;In marcia / fermata / arresto;Passeggero;F;Illeso;0;;Non accertato;Inesistente
1766314;18;14/06/2008 15:15;Strada Urbana;VIA DEL FORTE BRASCHI;in prossimità;;del civico n. ;102;;Scontro frontale/laterale SX fra veicoli in marcia;Rettilineo;Una carreggiata a doppio senso;Asciutto;Asfaltata;Verticale ed orizzontale;Sereno;Normale;Buona;Ore Diurne;1;0;0;1;;;-1;1;Autovettura privata;In marcia / fermata / arresto;Conducente;M;Illeso;0;;Non accertato;Inesploso
1766314;18;14/06/2008 15:15;Strada Urbana;VIA DEL FORTE BRASCHI;in prossimità;;del civico n. ;102;;Scontro frontale/laterale SX fra veicoli in marcia;Rettilineo;Una carreggiata a doppio senso;Asciutto;Asfaltata;Verticale ed orizzontale;Sereno;Normale;Buona;Ore Diurne;1;0;0;1;;;-1;2;Ciclomotore;In marcia / fermata / arresto;Conducente;M;Ricoverato;0;NON DECEDUTO;Non accertato;Inesistente
1766315;18;14/06/2008 17:30;Strada Urbana;VIA INNOCENZO XI;all'intersezione con;VIA ANGELO DI PIETRO;VIA ANGELO DI PIETRO;;;Veicolo in marcia contro veicolo in sosta;Intersezione non regolata/non segnalata;Una carreggiata a doppio senso;Asciutto;Asfaltata;Verticale ed orizzontale;Sereno;Normale;Buona;Ore Diurne;0;0;0;2;;;-1;1;Autovettura privata;In marcia / fermata / arresto;Conducente;M;Illeso;0;;Non accertato;Inesistente
1766315;18;14/06/2008 17:30;Strada Urbana;VIA INNOCENZO XI;all'intersezione con;VIA ANGELO DI PIETRO;VIA ANGELO DI PIETRO;;;Veicolo in marcia contro veicolo in sosta;Intersezione non regolata/non segnalata;Una carreggiata a doppio senso;Asciutto;Asfaltata;Verticale ed orizzontale;Sereno;Normale;Buona;Ore Diurne;0;0;0;2;;;-1;1;Autovettura privata;In marcia / fermata / arresto;Passeggero;F;Illeso;0;;Non accertato;Inesploso
1766317;18;14/06/2008 23:30;Autostrada;AUTOSTRADA ROMA AEROPORTO DI FIUMICINO;da specificare;;;;in prossimità di V.le Isacco Newton;Scontro laterale fra veicoli in marcia;Rettilineo;Due carreggiate;Asciutto;Asfaltata;Verticale ed orizzontale;Nuvoloso;Normale;Sufficiente;Sufficiente;0;0;0;3;;;-1;1;Autovettura privata;In marcia / fermata / arresto;Conducente;M;Illeso;0;;Non accertato;Inesploso
1766317;18;14/06/2008 23:30;Autostrada;AUTOSTRADA ROMA AEROPORTO DI FIUMICINO;da specificare;;;;in prossimità di V.le Isacco Newton;Scontro laterale fra veicoli in marcia;Rettilineo;Due carreggiate;Asciutto;Asfaltata;Verticale ed orizzontale;Nuvoloso;Normale;Sufficiente;Sufficiente;0;0;0;3;;;-1;1;Autovettura privata;In marcia / fermata / arresto;Passeggero;M;Illeso;0;;Non accertato;Inesploso
1766317;18;14/06/2008 23:30;Autostrada;AUTOSTRADA ROMA AEROPORTO DI FIUMICINO;da specificare;;;;in prossimità di V.le Isacco Newton;Scontro laterale fra veicoli in marcia;Rettilineo;Due carreggiate;Asciutto;Asfaltata;Verticale ed orizzontale;Nuvoloso;Normale;Sufficiente;Sufficiente;0;0;0;3;;;-1;2;Autovettura privata;In marcia / fermata / arresto;Conducente;M;Illeso;0;;Non accertato;Inesistente
1766318;18;15/06/2008 05:20;Strada Urbana;VIA ANASTASIO II;da specificare;;;;150 mt circa prima Via F. de Vecchi Pieralice;Scontro laterale fra veicoli in marcia;Curva a visuale libera;Due carreggiate;Asciutto;Asfaltata;Verticale ed orizzontale;Sereno;Scarso;Buona;Ore Diurne;1;1;0;0;;;-1;1;Motociclo con passeggero;In marcia / fermata / arresto;Conducente;M;Prognosi riservata;0;NON DECEDUTO;Non accertato;Inesistente
1766318;18;15/06/2008 05:20;Strada Urbana;VIA ANASTASIO II;da specificare;;;;150 mt circa prima Via F. de Vecchi Pieralice;Scontro laterale fra veicoli in marcia;Curva a visuale libera;Due carreggiate;Asciutto;Asfaltata;Verticale ed orizzontale;Sereno;Scarso;Buona;Ore Diurne;1;1;0;0;;;-1;1;Motociclo con passeggero;In marcia / fermata / arresto;Passeggero;M;Ricoverato;0;NON DECEDUTO;Utilizzato;Inesistente
1766319;18;15/06/2008 19:00;Statale entro l'abitato;VIA AURELIA;in prossimità;;della chilometrica ;8;;Tamponamento;Rettilineo;Due carreggiate;Asciutto;Asfaltata;Verticale;Sereno;Normale;Buona;Ore Diurne;0;0;0;3;;;-1;1;Autovettura privata;In marcia / fermata / arresto;Conducente;M;Illeso;0;;Non accertato;Inesistente
1766319;18;15/06/2008 19:00;Statale entro l'abitato;VIA AURELIA;in prossimità;;della chilometrica ;8;;Tamponamento;Rettilineo;Due carreggiate;Asciutto;Asfaltata;Verticale;Sereno;Normale;Buona;Ore Diurne;0;0;0;3;;;-1;2;Autovettura privata;In marcia / fermata / arresto;Conducente;M;Illeso;0;;Non accertato;Inesistente
1766319;18;15/06/2008 19:00;Statale entro l'abitato;VIA AURELIA;in prossimità;;della chilometrica ;8;;Tamponamento;Rettilineo;Due carreggiate;Asciutto;Asfaltata;Verticale;Sereno;Normale;Buona;Ore Diurne;0;0;0;3;;;-1;2;Autovettura privata;In marcia / fermata / arresto;Passeggero;F;Illeso;0;;Non accertato;Inesistente