Protocollo;Gruppo;DataOraIncidente;Localizzazione1;STRADA1;Localizzazione2;STRADA2;Strada02;Chilometrica;DaSpecificare;NaturaIncidente;particolaritastrade;TipoStrada;FondoStradale;Pavimentazione;Segnaletica;CondizioneAtmosferica;Traffico;Visibilita;Illuminazione;NUM_FERITI;NUM_RISERVATA;NUM_MORTI;NUM_ILLESI;Longitudine;Latitudine;Confermato;Progressivo;TipoVeicolo;StatoVeicolo;TipoPersona;Sesso;Tipolesione;Deceduto;DecedutoDopo;CinturaCascoUtilizzato;Airbag
1766684;12;19/06/2008 09:30;Strada Urbana;VIALE DELLA TECNICA;all'intersezione semaforizzata con;VIALE DELL'OCEANO PACIFICO;VIALE DELL'OCEANO PACIFICO;;;Scontro laterale fra veicoli in marcia;Incrocio;Una carreggiata a doppio senso;Asciutto;Asfaltata;Verticale ed orizzontale;Sereno;Normale;Buona;Ore Diurne;0;0;0;2;;;-1;1;Autovettura privata;In marcia / fermata / arresto;Conducente;M;Illeso;0;;Utilizzato;Inesploso
1766684;12;19/06/2008 09:30;Strada Urbana;VIALE DELLA TECNICA;all'intersezione semaforizzata con;VIALE DELL'OCEANO PACIFICO;VIALE DELL'OCEANO PACIFICO;;;Scontro laterale fra veicoli in marcia;Incrocio;Una carreggiata a doppio senso;Asciutto;Asfaltata;Verticale ed orizzontale;Sereno;Normale;Buona;Ore Diurne;0;0;0;2;;;-1;2;Autocarro inferiore 35 q.;In marcia / fermata / arresto;Conducente;M;Illeso;0;;Utilizzato;Inesistente
1766685;12;19/06/2008 10:00;Strada Urbana;VIA CRISTOFORO COLOMBO;da specificare;;;;altezza p.le marconi;Scontro laterale fra veicoli in marcia;Rettilineo;Più di due carreggiate;Asciutto;Asfaltata;Verticale ed orizzontale;Sereno;Intenso;Buona;Ore Diurne;0;0;0;4;;;-1;1;Autovettura privata;In marcia / fermata / arresto;Conducente;M;Illeso;0;;Utilizzato;Inesistente
1766685;12;19/06/2008 10:00;Strada Urbana;VIA CRISTOFORO COLOMBO;da specificare;;;;altezza p.le marconi;Scontro laterale fra veicoli in marcia;Rettilineo;Più di due carreggiate;Asciutto;Asfaltata;Verticale ed orizzontale;Sereno;Intenso;Buona;Ore Diurne;0;0;0;4;;;-1;1;Autovettura privata;In marcia / fermata / arresto;Passeggero;F;Illeso;0;;Utilizzato;Inesistente
1766685;12;19/06/2008 10:00;Strada Urbana;VIA CRISTOFORO COLOMBO;da specificare;;;;altezza p.le marconi;Scontro laterale fra veicoli in marcia;Rettilineo;Più di due carreggiate;Asciutto;Asfaltata;Verticale ed orizzontale;Sereno;Intenso;Buona;Ore Diurne;0;0;0;4;;;-1;1;Autovettura privata;In marcia / fermata / arresto;Passeggero;F;Illeso;0;;Utilizzato;Inesistente
1766685;12;19/06/2008 10:00;Strada Urbana;VIA CRISTOFORO COLOMBO;da specificare;;;;altezza p.le marconi;Scontro laterale fra veicoli in marcia;Rettilineo;Più di due carreggiate;Asciutto;Asfaltata;Verticale ed orizzontale;Sereno;Intenso;Buona;Ore Diurne;0;0;0;4;;;-1;2;Autoarticolato;In marcia / fermata / arresto;Conducente;M;Illeso;0;;Utilizzato;Inesistente
1766686;12;19/06/2008 12:00;Statale;VIA DEL MARE;in prossimità;;della chilometrica ;13,8;;Tamponamento Multiplo;Rettilineo;Una carreggiata a doppio senso;Asciutto;Asfaltata;Verticale ed orizzontale;Sereno;Normale;Buona;Ore Diurne;5;0;0;0;;;-1;1;Autovettura privata;In marcia / fermata / arresto;Conducente;F;Ricoverato;0;NON DECEDUTO;Utilizzato;Inesistente
1766686;12;19/06/2008 12:00;Statale;VIA DEL MARE;in prossimità;;della chilometrica ;13,8;;Tamponamento Multiplo;Rettilineo;Una carreggiata a doppio senso;Asciutto;Asfaltata;Verticale ed orizzontale;Sereno;Normale;Buona;Ore Diurne;5;0;0;0;;;-1;1;Autovettura privata;In marcia / fermata / arresto;Passeggero;F;Rimandato;0;NON DECEDUTO;Utilizzato;Inesistente
1766686;12;19/06/2008 12:00;Statale;VIA DEL MARE;in prossimità;;della chilometrica ;13,8;;Tamponamento Multiplo;Rettilineo;Una carreggiata a doppio senso;Asciutto;Asfaltata;Verticale ed orizzontale;Sereno;Normale;Buona;Ore Diurne;5;0;0;0;;;-1;2;Motociclo a solo;In marcia / fermata / arresto;Conducente;M;Rimandato;0;NON DECEDUTO;Utilizzato;Inesistente
1766686;12;19/06/2008 12:00;Statale;VIA DEL MARE;in prossimità;;della chilometrica ;13,8;;Tamponamento Multiplo;Rettilineo;Una carreggiata a doppio senso;Asciutto;Asfaltata;Verticale ed orizzontale;Sereno;Normale;Buona;Ore Diurne;5;0;0;0;;;-1;2;Motociclo a solo;In marcia / fermata / arresto;Passeggero;M;Rimandato;0;NON DECEDUTO;Utilizzato;Inesistente
1766686;12;19/06/2008 12:00;Statale;VIA DEL MARE;in prossimità;;della chilometrica ;13,8;;Tamponamento Multiplo;Rettilineo;Una carreggiata a doppio senso;Asciutto;Asfaltata;Verticale ed orizzontale;Sereno;Normale;Buona;Ore Diurne;5;0;0;0;;;-1;3;Autovettura di polizia;In marcia / fermata / arresto;Conducente;M;Rimandato;0;NON DECEDUTO;Utilizzato;Inesistente
1766687;12;20/06/2008 04:10;Strada Urbana;VIA SARSINA;in prossimità;;del civico n. ;146/b;;Veicolo in marcia contro veicolo in sosta;Curva a visuale libera;Una carreggiata a doppio senso;Asciutto;Asfaltata;Verticale ed orizzontale;Sereno;Scarso;Buona;Sufficiente;1;0;0;0;;;-1;2;Autovettura privata;In marcia / fermata / arresto;Conducente;F;Rifiuta cure immediate;0;NON DECEDUTO;Utilizzato;Inesistente
1766688;13;20/06/2008 06:30;Provinciale;VIA OSTIENSE;da specificare;;;;prossimità Via Albi;Tamponamento Multiplo;Rettilineo;Una carreggiata a doppio senso;Asciutto;Asfaltata;Verticale ed orizzontale;Sereno;Normale;Buona;Ore Diurne;0;0;0;3;;;-1;1;Autovettura privata;In marcia / fermata / arresto;Conducente;M;Illeso;0;;Non accertato;Inesploso
1766688;13;20/06/2008 06:30;Provinciale;VIA OSTIENSE;da specificare;;;;prossimità Via Albi;Tamponamento Multiplo;Rettilineo;Una carreggiata a doppio senso;Asciutto;Asfaltata;Verticale ed orizzontale;Sereno;Normale;Buona;Ore Diurne;0;0;0;3;;;-1;2;Autovettura privata;In marcia / fermata / arresto;Conducente;M;Illeso;0;;Non accertato;Inesploso
1766688;13;20/06/2008 06:30;Provinciale;VIA OSTIENSE;da specificare;;;;prossimità Via Albi;Tamponamento Multiplo;Rettilineo;Una carreggiata a doppio senso;Asciutto;Asfaltata;Verticale ed orizzontale;Sereno;Normale;Buona;Ore Diurne;0;0;0;3;;;-1;3;Autocarro inferiore 35 q.;In marcia / fermata / arresto;Conducente;M;Illeso;0;;Non accertato;Inesistente
1766689;13;20/06/2008 07:50;Strada Urbana;VIA DI ACILIA;all'intersezione con;VIA MIMNERMO;VIA MIMNERMO;;;Infortunio per caduta del veicolo;Intersezione stradale segnalata;Una carreggiata a doppio senso;Asciutto;Asfaltata;Verticale ed orizzontale;Sereno;Normale;Buona;Ore Diurne;1;0;0;2;;;-1;1;Motociclo a solo;In marcia / fermata / arresto;Conducente;M;Rimandato;0;NON DECEDUTO;Utilizzato;Inesistente
1766689;13;20/06/2008 07:50;Strada Urbana;VIA DI ACILIA;all'intersezione con;VIA MIMNERMO;VIA MIMNERMO;;;Infortunio per caduta del veicolo;Intersezione stradale segnalata;Una carreggiata a doppio senso;Asciutto;Asfaltata;Verticale ed orizzontale;Sereno;Normale;Buona;Ore Diurne;1;0;0;2;;;-1;2;Autocarro inferiore 35 q.;In marcia / fermata / arresto;Conducente;M;Illeso;0;;Non accertato;Inesploso
1766689;13;20/06/2008 07:50;Strada Urbana;VIA DI ACILIA;all'intersezione con;VIA MIMNERMO;VIA MIMNERMO;;;Infortunio per caduta del veicolo;Intersezione stradale segnalata;Una carreggiata a doppio senso;Asciutto;Asfaltata;Verticale ed orizzontale;Sereno;Normale;Buona;Ore Diurne;1;0;0;2;;;-1;3;Autovettura privata;In marcia / fermata / arresto;Conducente;M;Illeso;0;;Non accertato;Inesploso
1766690;13;20/06/2008 08:20;Strada Urbana;VIA DI ACILIA;all'intersezione semaforizzata con;VIA DI SAPONARA;VIA DI SAPONARA;;;Scontro frontale/laterale DX fra veicoli in marcia;Incrocio;Una carreggiata a doppio senso;Asciutto;Asfaltata;Verticale;Sereno;Intenso;Buona;Ore Diurne;2;0;0;1;;;-1;1;Motociclo con passeggero;In marcia / fermata / arresto;Conducente;M;Rifiuta cure immediate;0;NON DECEDUTO;Utilizzato;Inesistente
1766690;13;20/06/2008 08:20;Strada Urbana;VIA DI ACILIA;all'intersezione semaforizzata con;VIA DI SAPONARA;VIA DI SAPONARA;;;Scontro frontale/laterale DX fra veicoli in marcia;Incrocio;Una carreggiata a doppio senso;Asciutto;Asfaltata;Verticale;Sereno;Intenso;Buona;Ore Diurne;2;0;0;1;;;-1;1;Motociclo con passeggero;In marcia / fermata / arresto;Passeggero;M;Rimandato;0;NON DECEDUTO;Utilizzato;Inesistente
1766690;13;20/06/2008 08:20;Strada Urbana;VIA DI ACILIA;all'intersezione semaforizzata con;VIA DI SAPONARA;VIA DI SAPONARA;;;Scontro frontale/laterale DX fra veicoli in marcia;Incrocio;Una carreggiata a doppio senso;Asciutto;Asfaltata;Verticale;Sereno;Intenso;Buona;Ore Diurne;2;0;0;1;;;-1;2;Autovettura privata;In marcia / fermata / arresto;Conducente;M;Illeso;0;;Non accertato;Inesploso
1766691;13;20/06/2008 10:40;Strada Urbana;VIA COSTANZO CASANA;all'intersezione con;VIA TAGASTE;VIA TAGASTE;;;Scontro frontale/laterale SX fra veicoli in marcia;Incrocio;Due carreggiate;Asciutto;Asfaltata;Assente;Sereno;Normale;Sufficiente;Ore Diurne;1;0;0;1;;;-1;1;Autovettura privata;In marcia / fermata / arresto;Conducente;M;Illeso;0;;Non accertato;Inesploso
1766691;13;20/06/2008 10:40;Strada Urbana;VIA COSTANZO CASANA;all'intersezione con;VIA TAGASTE;VIA TAGASTE;;;Scontro frontale/laterale SX fra veicoli in marcia;Incrocio;Due carreggiate;Asciutto;Asfaltata;Assente;Sereno;Normale;Sufficiente;Ore Diurne;1;0;0;1;;;-1;2;Autovettura privata;In marcia / fermata / arresto;Conducente;M;Rimandato;0;NON DECEDUTO;Non accertato;Inesploso
1766692;13;20/06/2008 10:55;Strada Urbana;VIA ROBERTO CRIPPA;all'intersezione con;VIA UMBERTO LILLONI;VIA UMBERTO LILLONI;;;Scontro frontale/laterale DX fra veicoli in marcia;Incrocio;Una carreggiata a senso unico di marcia;Asciutto;Asfaltata;Assente;Sereno;Normale;Buona;Ore Diurne;2;0;0;2;;;-1;1;Autovettura privata;In marcia / fermata / arresto;Conducente;M;Illeso;0;;Non accertato;Inesploso
1766692;13;20/06/2008 10:55;Strada Urbana;VIA ROBERTO CRIPPA;all'intersezione con;VIA UMBERTO LILLONI;VIA UMBERTO LILLONI;;;Scontro frontale/laterale DX fra veicoli in marcia;Incrocio;Una carreggiata a senso unico di marcia;Asciutto;Asfaltata;Assente;Sereno;Normale;Buona;Ore Diurne;2;0;0;2;;;-1;1;Autovettura privata;In marcia / fermata / arresto;Passeggero;M;Illeso;0;;Non accertato;Inesploso
1766692;13;20/06/2008 10:55;Strada Urbana;VIA ROBERTO CRIPPA;all'intersezione con;VIA UMBERTO LILLONI;VIA UMBERTO LILLONI;;;Scontro frontale/laterale DX fra veicoli in marcia;Incrocio;Una carreggiata a senso unico di marcia;Asciutto;Asfaltata;Assente;Sereno;Normale;Buona;Ore Diurne;2;0;0;2;;;-1;2;Ciclomotore con passeggero;In marcia / fermata / arresto;Conducente;M;Rimandato;0;NON DECEDUTO;Utilizzato;Inesistente
1766692;13;20/06/2008 10:55;Strada Urbana;VIA ROBERTO CRIPPA;all'intersezione con;VIA UMBERTO LILLONI;VIA UMBERTO LILLONI;;;Scontro frontale/laterale DX fra veicoli in marcia;Incrocio;Una carreggiata a senso unico di marcia;Asciutto;Asfaltata;Assente;Sereno;Normale;Buona;Ore Diurne;2;0;0;2;;;-1;2;Ciclomotore con passeggero;In marcia / fermata / arresto;Passeggero;F;Rimandato;0;NON DECEDUTO;Utilizzato;Inesistente
1766693;13;20/06/2008 14:45;Strada Urbana;VIA DELLA CORAZZATA;all'intersezione con;VIALE DEL SOMMERGIBILE;VIALE DEL SOMMERGIBILE;;;Scontro frontale/laterale DX fra veicoli in marcia;Incrocio;Una carreggiata a doppio senso;Asciutto;Asfaltata;Verticale ed orizzontale;Sereno;Normale;Buona;Ore Diurne;2;0;0;2;;;-1;1;Autovettura privata;In marcia / fermata / arresto;Conducente;F;Rimandato;0;NON DECEDUTO;Non accertato;Inesistente
1766693;13;20/06/2008 14:45;Strada Urbana;VIA DELLA CORAZZATA;all'intersezione con;VIALE DEL SOMMERGIBILE;VIALE DEL SOMMERGIBILE;;;Scontro frontale/laterale DX fra veicoli in marcia;Incrocio;Una carreggiata a doppio senso;Asciutto;Asfaltata;Verticale ed orizzontale;Sereno;Normale;Buona;Ore Diurne;2;0;0;2;;;-1;1;Autovettura privata;In marcia / fermata / arresto;Passeggero;F;Illeso;0;;Non accertato;Inesistente
1766693;13;20/06/2008 14:45;Strada Urbana;VIA DELLA CORAZZATA;all'intersezione con;VIALE DEL SOMMERGIBILE;VIALE DEL SOMMERGIBILE;;;Scontro frontale/laterale DX fra veicoli in marcia;Incrocio;Una carreggiata a doppio senso;Asciutto;Asfaltata;Verticale ed orizzontale;Sereno;Normale;Buona;Ore Diurne;2;0;0;2;;;-1;1;Autovettura privata;In marcia / fermata / arresto;Passeggero;M;Rimandato;0;NON DECEDUTO;Non accertato;Inesistente
1766693;13;20/06/2008 14:45;Strada Urbana;VIA DELLA CORAZZATA;all'intersezione con;VIALE DEL SOMMERGIBILE;VIALE DEL SOMMERGIBILE;;;Scontro frontale/laterale DX fra veicoli in marcia;Incrocio;Una carreggiata a doppio senso;Asciutto;Asfaltata;Verticale ed orizzontale;Sereno;Normale;Buona;Ore Diurne;2;0;0;2;;;-1;2;Autocarro inferiore 35 q.;In marcia / fermata / arresto;Conducente;M;Illeso;0;;Non accertato;Inesistente
1766694;13;20/06/2008 17:35;Strada Urbana;VIA DEL CANALE DI CASTELFUSANO;all'intersezione con;VIA AGOSTINO CHIGI;VIA AGOSTINO CHIGI;;;Tamponamento;Incrocio;Una carreggiata a doppio senso;Asciutto;Asfaltata;Verticale ed orizzontale;Sereno;Intenso;Buona;Ore Diurne;0;0;0;2;;;-1;1;Autovettura privata;In marcia / fermata / arresto;Conducente;M;Illeso;0;;Non accertato;Inesploso
1766694;13;20/06/2008 17:35;Strada Urbana;VIA DEL CANALE DI CASTELFUSANO;all'intersezione con;VIA AGOSTINO CHIGI;VIA AGOSTINO CHIGI;;;Tamponamento;Incrocio;Una carreggiata a doppio senso;Asciutto;Asfaltata;Verticale ed orizzontale;Sereno;Intenso;Buona;Ore Diurne;0;0;0;2;;;-1;2;Autovettura privata;In marcia / fermata / arresto;Conducente;M;Illeso;0;;Non accertato;Inesploso
1766695;13;20/06/2008 18:00;Strada Urbana;LUNGOMARE AMERIGO VESPUCCI;in prossimità;;del civico n. ;164;;Scontro frontale/laterale SX fra veicoli in marcia;Rettilineo;Una carreggiata a doppio senso;Asciutto;Asfaltata;Verticale ed orizzontale;Sereno;Normale;Buona;Ore Diurne;1;0;0;1;;;-1;1;Motociclo a solo;In marcia / fermata / arresto;Conducente;M;Rimandato;0;NON DECEDUTO;Non accertato;Inesistente
1766695;13;20/06/2008 18:00;Strada Urbana;LUNGOMARE AMERIGO VESPUCCI;in prossimità;;del civico n. ;164;;Scontro frontale/laterale SX fra veicoli in marcia;Rettilineo;Una carreggiata a doppio senso;Asciutto;Asfaltata;Verticale ed orizzontale;Sereno;Normale;Buona;Ore Diurne;1;0;0;1;;;-1;2;Autovettura privata;In marcia / fermata / arresto;Conducente;M;Illeso;0;;Non accertato;Inesploso
1766696;13;20/06/2008 18:20;Strada Urbana;VIALE DELLA VITTORIA;all'intersezione con;PIAZZALE MAGELLANO;PIAZZALE MAGELLANO;;;Scontro frontale/laterale DX fra veicoli in marcia;Incrocio;Due carreggiate;Asciutto;Asfaltata;Verticale ed orizzontale;Sereno;Normale;Buona;Ore Diurne;0;0;0;6;;;-1;1;Autovettura privata;In marcia / fermata / arresto;Conducente;M;Illeso;0;;Non accertato;Inesploso
1766696;13;20/06/2008 18:20;Strada Urbana;VIALE DELLA VITTORIA;all'intersezione con;PIAZZALE MAGELLANO;PIAZZALE MAGELLANO;;;Scontro frontale/laterale DX fra veicoli in marcia;Incrocio;Due carreggiate;Asciutto;Asfaltata;Verticale ed orizzontale;Sereno;Normale;Buona;Ore Diurne;0;0;0;6;;;-1;1;Autovettura privata;In marcia / fermata / arresto;Passeggero;M;Illeso;0;;Non accertato;Inesploso
1766696;13;20/06/2008 18:20;Strada Urbana;VIALE DELLA VITTORIA;all'intersezione con;PIAZZALE MAGELLANO;PIAZZALE MAGELLANO;;;Scontro frontale/laterale DX fra veicoli in marcia;Incrocio;Due carreggiate;Asciutto;Asfaltata;Verticale ed orizzontale;Sereno;Normale;Buona;Ore Diurne;0;0;0;6;;;-1;1;Autovettura privata;In marcia / fermata / arresto;Passeggero;M;Illeso;0;;Non accertato;Inesploso
1766696;13;20/06/2008 18:20;Strada Urbana;VIALE DELLA VITTORIA;all'intersezione con;PIAZZALE MAGELLANO;PIAZZALE MAGELLANO;;;Scontro frontale/laterale DX fra veicoli in marcia;Incrocio;Due carreggiate;Asciutto;Asfaltata;Verticale ed orizzontale;Sereno;Normale;Buona;Ore Diurne;0;0;0;6;;;-1;2;Autovettura privata;In marcia / fermata / arresto;Conducente;M;Illeso;0;;Non accertato;Inesploso
1766696;13;20/06/2008 18:20;Strada Urbana;VIALE DELLA VITTORIA;all'intersezione con;PIAZZALE MAGELLANO;PIAZZALE MAGELLANO;;;Scontro frontale/laterale DX fra veicoli in marcia;Incrocio;Due carreggiate;Asciutto;Asfaltata;Verticale ed orizzontale;Sereno;Normale;Buona;Ore Diurne;0;0;0;6;;;-1;2;Autovettura privata;In marcia / fermata / arresto;Passeggero;F;Illeso;0;;Non accertato;Inesploso
1766697;13;20/06/2008 19:00;Strada Urbana;VIA DELLE QUINQUEREMI;all'intersezione con;PIAZZA DEI CANOTTI;PIAZZA DEI CANOTTI;;;Scontro frontale/laterale SX fra veicoli in marcia;Incrocio;Due carreggiate;Asciutto;Asfaltata;Verticale ed orizzontale;Sereno;Scarso;Buona;Ore Diurne;0;0;0;3;;;-1;1;Autovettura privata;In marcia / fermata / arresto;Conducente;M;Illeso;0;;Non accertato;Inesploso
1766697;13;20/06/2008 19:00;Strada Urbana;VIA DELLE QUINQUEREMI;all'intersezione con;PIAZZA DEI CANOTTI;PIAZZA DEI CANOTTI;;;Scontro frontale/laterale SX fra veicoli in marcia;Incrocio;Due carreggiate;Asciutto;Asfaltata;Verticale ed orizzontale;Sereno;Scarso;Buona;Ore Diurne;0;0;0;3;;;-1;1;Autovettura privata;In marcia / fermata / arresto;Passeggero;F;Illeso;0;;Non accertato;Inesploso
1766697;13;20/06/2008 19:00;Strada Urbana;VIA DELLE QUINQUEREMI;all'intersezione con;PIAZZA DEI CANOTTI;PIAZZA DEI CANOTTI;;;Scontro frontale/laterale SX fra veicoli in marcia;Incrocio;Due carreggiate;Asciutto;Asfaltata;Verticale ed orizzontale;Sereno;Scarso;Buona;Ore Diurne;0;0;0;3;;;-1;2;Autovettura privata;In marcia / fermata / arresto;Conducente;F;Illeso;0;;Non accertato;Inesploso
1766698;13;20/06/2008 20:00;Strada Urbana;CORSO DUCA DI GENOVA;in corrispondenza;;del civico n. ;32;;Scontro frontale/laterale DX fra veicoli in marcia;Rettilineo;Una carreggiata a doppio senso;Asciutto;Asfaltata;Orizzontale;Sereno;Scarso;Buona;Ore Diurne;0;0;0;2;;;-1;1;Autovettura privata;In marcia / fermata / arresto;Conducente;M;Illeso;0;;Non accertato;Inesploso
1766698;13;20/06/2008 20:00;Strada Urbana;CORSO DUCA DI GENOVA;in corrispondenza;;del civico n. ;32;;Scontro frontale/laterale DX fra veicoli in marcia;Rettilineo;Una carreggiata a doppio senso;Asciutto;Asfaltata;Orizzontale;Sereno;Scarso;Buona;Ore Diurne;0;0;0;2;;;-1;1;Autovettura privata;In marcia / fermata / arresto;Passeggero;M;Illeso;0;;Non accertato;Inesistente
1766699;13;20/06/2008 23:30;Strada Urbana;PIAZZALE CRISTOFORO COLOMBO;all'intersezione con;PIAZZALE CRISTOFORO COLOMBO;PIAZZALE CRISTOFORO COLOMBO;;;Scontro laterale fra veicoli in marcia;Rotatoria;Una carreggiata a senso unico di marcia;Asciutto;Asfaltata;Verticale ed orizzontale;Sereno;Intenso;Buona;Sufficiente;1;0;0;5;;;-1;1;Motociclo a solo;In marcia / fermata / arresto;Conducente;M;Ricoverato;0;NON DECEDUTO;Utilizzato;Inesistente
1766699;13;20/06/2008 23:30;Strada Urbana;PIAZZALE CRISTOFORO COLOMBO;all'intersezione con;PIAZZALE CRISTOFORO COLOMBO;PIAZZALE CRISTOFORO COLOMBO;;;Scontro laterale fra veicoli in marcia;Rotatoria;Una carreggiata a senso unico di marcia;Asciutto;Asfaltata;Verticale ed orizzontale;Sereno;Intenso;Buona;Sufficiente;1;0;0;5;;;-1;2;Autovettura privata;In marcia / fermata / arresto;Conducente;F;Illeso;0;;Non accertato;Inesploso
1766699;13;20/06/2008 23:30;Strada Urbana;PIAZZALE CRISTOFORO COLOMBO;all'intersezione con;PIAZZALE CRISTOFORO COLOMBO;PIAZZALE CRISTOFORO COLOMBO;;;Scontro laterale fra veicoli in marcia;Rotatoria;Una carreggiata a senso unico di marcia;Asciutto;Asfaltata;Verticale ed orizzontale;Sereno;Intenso;Buona;Sufficiente;1;0;0;5;;;-1;2;Autovettura privata;In marcia / fermata / arresto;Passeggero;F;Illeso;0;;Non accertato;Inesistente
1766699;13;20/06/2008 23:30;Strada Urbana;PIAZZALE CRISTOFORO COLOMBO;all'intersezione con;PIAZZALE CRISTOFORO COLOMBO;PIAZZALE CRISTOFORO COLOMBO;;;Scontro laterale fra veicoli in marcia;Rotatoria;Una carreggiata a senso unico di marcia;Asciutto;Asfaltata;Verticale ed orizzontale;Sereno;Intenso;Buona;Sufficiente;1;0;0;5;;;-1;2;Autovettura privata;In marcia / fermata / arresto;Passeggero;F;Illeso;0;;Non accertato;Inesistente
1766700;15;20/06/2008 06:45;Strada Urbana;VIA DELLE IDROVORE DELLA MAGLIANA;in corrispondenza;;del civico n. ;73;;Scontro frontale/laterale DX fra veicoli in marcia;Rettilineo;Una carreggiata a doppio senso;Asciutto;Asfaltata;Assente;Sereno;Normale;Sufficiente;Ore Diurne;1;0;0;1;;;-1;1;Autocarro inferiore 35 q.;In marcia / fermata / arresto;Conducente;M;Illeso;0;;Utilizzato;Inesistente
1766700;15;20/06/2008 06:45;Strada Urbana;VIA DELLE IDROVORE DELLA MAGLIANA;in corrispondenza;;del civico n. ;73;;Scontro frontale/laterale DX fra veicoli in marcia;Rettilineo;Una carreggiata a doppio senso;Asciutto;Asfaltata;Assente;Sereno;Normale;Sufficiente;Ore Diurne;1;0;0;1;;;-1;2;Motociclo a solo;In marcia / fermata / arresto;Conducente;M;Rimandato;0;NON DECEDUTO;Utilizzato;Inesistente
1766701;15;20/06/2008 09:10;Strada Urbana;VIA DEL MONTE DELLE CAPRE;in prossimità;;del civico n. ;18;;Scontro frontale/laterale DX fra veicoli in marcia;Rettilineo;Una carreggiata a doppio senso;Asciutto;Asfaltata;Assente;Sereno;Normale;Buona;Ore Diurne;1;0;0;1;;;-1;1;Motociclo a solo;In marcia / fermata / arresto;Conducente;M;Rimandato;0;NON DECEDUTO;Utilizzato;Inesistente
1766701;15;20/06/2008 09:10;Strada Urbana;VIA DEL MONTE DELLE CAPRE;in prossimità;;del civico n. ;18;;Scontro frontale/laterale DX fra veicoli in marcia;Rettilineo;Una carreggiata a doppio senso;Asciutto;Asfaltata;Assente;Sereno;Normale;Buona;Ore Diurne;1;0;0;1;;;-1;2;Autovettura privata;In marcia / fermata / arresto;Conducente;F;Illeso;0;;Utilizzato;Inesistente
1766702;15;20/06/2008 10:30;Strada Urbana;VIADOTTO DELLA MAGLIANA;da specificare;;;;rampa d'immissione dir. Eur;Scontro laterale fra veicoli in marcia;Pendenza;Una carreggiata a senso unico di marcia;Asciutto;Asfaltata;Orizzontale;Sereno;Normale;Buona;Ore Diurne;0;0;0;2;;;-1;1;Autovettura privata;In marcia / fermata / arresto;Conducente;M;Illeso;0;;Utilizzato;Inesistente
1766702;15;20/06/2008 10:30;Strada Urbana;VIADOTTO DELLA MAGLIANA;da specificare;;;;rampa d'immissione dir. Eur;Scontro laterale fra veicoli in marcia;Pendenza;Una carreggiata a senso unico di marcia;Asciutto;Asfaltata;Orizzontale;Sereno;Normale;Buona;Ore Diurne;0;0;0;2;;;-1;2;Autovettura privata;In marcia / fermata / arresto;Conducente;M;Illeso;0;;Utilizzato;Inesistente
1766703;15;20/06/2008 17:10;Strada Urbana;VIA DEL TRULLO;in corrispondenza;;del civico n. ;124;;Investimento di pedone;Rettilineo;Due carreggiate;Asciutto;Asfaltata;Orizzontale;Sereno;Normale;Buona;Ore Diurne;2;0;0;1;;;-1;;;;Pedone;F;Rimandato;0;NON DECEDUTO;;
1766703;15;20/06/2008 17:10;Strada Urbana;VIA DEL TRULLO;in corrispondenza;;del civico n. ;124;;Investimento di pedone;Rettilineo;Due carreggiate;Asciutto;Asfaltata;Orizzontale;Sereno;Normale;Buona;Ore Diurne;2;0;0;1;;;-1;;;;Pedone;M;Ricoverato;0;NON DECEDUTO;;
1766703;15;20/06/2008 17:10;Strada Urbana;VIA DEL TRULLO;in corrispondenza;;del civico n. ;124;;Investimento di pedone;Rettilineo;Due carreggiate;Asciutto;Asfaltata;Orizzontale;Sereno;Normale;Buona;Ore Diurne;2;0;0;1;;;-1;1;Autovettura privata;In marcia / fermata / arresto;Conducente;F;Illeso;0;;Utilizzato;Inesistente
1766704;15;20/06/2008 18:50;Strada Urbana;PIAZZA DELLA RADIO;all'intersezione semaforizzata con;VIA ODERISI DA GUBBIO;VIA ODERISI DA GUBBIO;;;Scontro laterale fra veicoli in marcia;Incrocio;Due carreggiate;Asciutto;Asfaltata;Verticale ed orizzontale;Sereno;Normale;Buona;Ore Diurne;0;0;0;2;;;-1;1;Autovettura privata;In marcia / fermata / arresto;Conducente;F;Illeso;0;;Utilizzato;Inesistente
1766704;15;20/06/2008 18:50;Strada Urbana;PIAZZA DELLA RADIO;all'intersezione semaforizzata con;VIA ODERISI DA GUBBIO;VIA ODERISI DA GUBBIO;;;Scontro laterale fra veicoli in marcia;Incrocio;Due carreggiate;Asciutto;Asfaltata;Verticale ed orizzontale;Sereno;Normale;Buona;Ore Diurne;0;0;0;2;;;-1;2;Autocarro inferiore 35 q.;In marcia / fermata / arresto;Conducente;M;Illeso;0;;Utilizzato;Inesistente
1766709;18;19/06/2008 15:40;Strada Urbana;VIA GREGORIO VII;all'intersezione con;PIAZZA PIO XI;PIAZZA PIO XI;;;Veicolo in marcia contro veicolo in sosta;Intersezione semaforizzata;Una carreggiata a doppio senso;Asciutto;Asfaltata;Orizzontale;Sereno;Normale;Buona;Ore Diurne;0;0;0;1;;;-1;1;Autovettura privata;In marcia / fermata / arresto;Conducente;M;Illeso;0;;Non accertato;Inesistente
1766710;19;20/06/2008 15:20;Strada Urbana;VIA PIETRO MAFFI;da specificare;;;;in prossimità di Via Lorenzo Litta;Scontro laterale fra veicoli in marcia;Rettilineo;Una carreggiata a senso unico di marcia;Asciutto;Asfaltata;Verticale ed orizzontale;Sereno;Scarso;Buona;Ore Diurne;0;0;0;2;;;-1;1;Autovettura privata;In marcia / fermata / arresto;Conducente;F;Illeso;0;;Non accertato;Inesistente
1766710;19;20/06/2008 15:20;Strada Urbana;VIA PIETRO MAFFI;da specificare;;;;in prossimità di Via Lorenzo Litta;Scontro laterale fra veicoli in marcia;Rettilineo;Una carreggiata a senso unico di marcia;Asciutto;Asfaltata;Verticale ed orizzontale;Sereno;Scarso;Buona;Ore Diurne;0;0;0;2;;;-1;2;Autovettura privata;In marcia / fermata / arresto;Conducente;F;Illeso;0;;Non accertato;Inesistente