Protocollo;Gruppo;DataOraIncidente;Localizzazione1;STRADA1;Localizzazione2;STRADA2;Strada02;Chilometrica;DaSpecificare;NaturaIncidente;particolaritastrade;TipoStrada;FondoStradale;Pavimentazione;Segnaletica;CondizioneAtmosferica;Traffico;Visibilita;Illuminazione;NUM_FERITI;NUM_RISERVATA;NUM_MORTI;NUM_ILLESI;Longitudine;Latitudine;Confermato;Progressivo;TipoVeicolo;StatoVeicolo;TipoPersona;Sesso;Tipolesione;Deceduto;DecedutoDopo;CinturaCascoUtilizzato;Airbag
1767480;11;08/06/2008 23:55;Strada Urbana;VIALE GUGLIELMO MARCONI;all'intersezione semaforizzata con;VIA VALCO DI S. PAOLO;VIA VALCO DI S. PAOLO;;;Scontro frontale/laterale DX fra veicoli in marcia;Intersezione semaforizzata;Più di due carreggiate;Asciutto;Asfaltata;Verticale ed orizzontale;Sereno;Normale;Buona;Sufficiente;1;0;0;1;;;-1;1;Autovettura privata;In marcia / fermata / arresto;Conducente;F;Illeso;0;;Utilizzato;Inesistente
1767480;11;08/06/2008 23:55;Strada Urbana;VIALE GUGLIELMO MARCONI;all'intersezione semaforizzata con;VIA VALCO DI S. PAOLO;VIA VALCO DI S. PAOLO;;;Scontro frontale/laterale DX fra veicoli in marcia;Intersezione semaforizzata;Più di due carreggiate;Asciutto;Asfaltata;Verticale ed orizzontale;Sereno;Normale;Buona;Sufficiente;1;0;0;1;;;-1;2;Motociclo con passeggero;In marcia / fermata / arresto;Conducente;M;Ricoverato;0;NON DECEDUTO;Non accertato;Inesistente
1767481;11;09/06/2008 08:20;Strada Urbana;VIA CRISTOFORO COLOMBO;all'intersezione semaforizzata con;VIA COSTANTINO;VIA COSTANTINO;;;Scontro laterale fra veicoli in marcia;Intersezione semaforizzata;Più di due carreggiate;Asciutto;Asfaltata;Verticale ed orizzontale;Nuvoloso;Intenso;Buona;Ore Diurne;0;0;0;4;;;-1;1;Autovettura privata;In marcia / fermata / arresto;Conducente;M;Illeso;0;;Non accertato;Inesistente
1767481;11;09/06/2008 08:20;Strada Urbana;VIA CRISTOFORO COLOMBO;all'intersezione semaforizzata con;VIA COSTANTINO;VIA COSTANTINO;;;Scontro laterale fra veicoli in marcia;Intersezione semaforizzata;Più di due carreggiate;Asciutto;Asfaltata;Verticale ed orizzontale;Nuvoloso;Intenso;Buona;Ore Diurne;0;0;0;4;;;-1;1;Autovettura privata;In marcia / fermata / arresto;Passeggero;M;Illeso;0;;Non accertato;Inesistente
1767481;11;09/06/2008 08:20;Strada Urbana;VIA CRISTOFORO COLOMBO;all'intersezione semaforizzata con;VIA COSTANTINO;VIA COSTANTINO;;;Scontro laterale fra veicoli in marcia;Intersezione semaforizzata;Più di due carreggiate;Asciutto;Asfaltata;Verticale ed orizzontale;Nuvoloso;Intenso;Buona;Ore Diurne;0;0;0;4;;;-1;1;Autovettura privata;In marcia / fermata / arresto;Passeggero;F;Illeso;0;;Non accertato;Inesistente
1767481;11;09/06/2008 08:20;Strada Urbana;VIA CRISTOFORO COLOMBO;all'intersezione semaforizzata con;VIA COSTANTINO;VIA COSTANTINO;;;Scontro laterale fra veicoli in marcia;Intersezione semaforizzata;Più di due carreggiate;Asciutto;Asfaltata;Verticale ed orizzontale;Nuvoloso;Intenso;Buona;Ore Diurne;0;0;0;4;;;-1;2;Autovettura privata;In marcia / fermata / arresto;Conducente;M;Illeso;0;;Non accertato;Inesistente
1767482;11;09/06/2008 09:20;Strada Urbana;VIA LAURENTINA;all'intersezione con;PIAZZALE ROBERTO ARDIGO';PIAZZALE ROBERTO ARDIGO';;;Infortunio per caduta del veicolo;Incrocio;Due carreggiate;Sdrucciolevole (terriccio);Asfaltata;Verticale ed orizzontale;Sereno;Normale;Buona;Ore Diurne;0;0;0;1;;;-1;1;Motociclo a solo;In marcia / fermata / arresto;Conducente;F;Illeso;0;;Non accertato;Inesistente
1767483;12;25/06/2008 11:15;Strada Urbana;VIALE DELL'OCEANO ATLANTICO;in corrispondenza;;del civico n. ;217;;Scontro laterale fra veicoli in marcia;Rettilineo;Due carreggiate;Asciutto;Asfaltata;Verticale ed orizzontale;Sereno;Normale;Buona;Ore Diurne;0;0;0;3;;;-1;1;Autovettura privata;In marcia / fermata / arresto;Passeggero;F;Illeso;0;;Utilizzato;Inesistente
1767483;12;25/06/2008 11:15;Strada Urbana;VIALE DELL'OCEANO ATLANTICO;in corrispondenza;;del civico n. ;217;;Scontro laterale fra veicoli in marcia;Rettilineo;Due carreggiate;Asciutto;Asfaltata;Verticale ed orizzontale;Sereno;Normale;Buona;Ore Diurne;0;0;0;3;;;-1;1;Autovettura privata;In marcia / fermata / arresto;Conducente;M;Illeso;0;;Utilizzato;Inesistente
1767483;12;25/06/2008 11:15;Strada Urbana;VIALE DELL'OCEANO ATLANTICO;in corrispondenza;;del civico n. ;217;;Scontro laterale fra veicoli in marcia;Rettilineo;Due carreggiate;Asciutto;Asfaltata;Verticale ed orizzontale;Sereno;Normale;Buona;Ore Diurne;0;0;0;3;;;-1;2;Autoarticolato;In marcia / fermata / arresto;Conducente;M;Illeso;0;;Esente;Inesistente
1767484;12;26/06/2008 10:30;Strada Urbana;VIALE DEGLI EROI DI CEFALONIA;all'intersezione con;VIA DI MEZZOCAMMINO;VIA DI MEZZOCAMMINO;;;Scontro laterale fra veicoli in marcia;Incrocio;Due carreggiate;Asciutto;Asfaltata;Verticale ed orizzontale;Sereno;Normale;Buona;Ore Diurne;0;0;0;2;;;-1;1;Autovettura privata;In marcia / fermata / arresto;Conducente;M;Illeso;0;;Utilizzato;Inesistente
1767484;12;26/06/2008 10:30;Strada Urbana;VIALE DEGLI EROI DI CEFALONIA;all'intersezione con;VIA DI MEZZOCAMMINO;VIA DI MEZZOCAMMINO;;;Scontro laterale fra veicoli in marcia;Incrocio;Due carreggiate;Asciutto;Asfaltata;Verticale ed orizzontale;Sereno;Normale;Buona;Ore Diurne;0;0;0;2;;;-1;2;Autocarro inferiore 35 q.;In marcia / fermata / arresto;Conducente;M;Illeso;0;;Utilizzato;Inesistente
1767485;12;26/06/2008 11:15;Strada Urbana;VIA DI VALLERANO;da specificare;;;;fronte civico 81;Scontro laterale fra veicoli in marcia;Rettilineo;Due carreggiate;Asciutto;Asfaltata;Verticale ed orizzontale;Sereno;Normale;Buona;Ore Diurne;0;0;0;2;;;-1;1;Autovettura privata;In marcia / fermata / arresto;Conducente;M;Illeso;0;;Utilizzato;Inesistente
1767485;12;26/06/2008 11:15;Strada Urbana;VIA DI VALLERANO;da specificare;;;;fronte civico 81;Scontro laterale fra veicoli in marcia;Rettilineo;Due carreggiate;Asciutto;Asfaltata;Verticale ed orizzontale;Sereno;Normale;Buona;Ore Diurne;0;0;0;2;;;-1;2;Motociclo a solo;In marcia / fermata / arresto;Conducente;M;Illeso;0;;Utilizzato;Inesistente
1767486;12;27/06/2008 08:10;Strada Urbana;VIALE DELL'OCEANO ATLANTICO;in corrispondenza;;del palo luce n. ;75;;Tamponamento Multiplo;Rettilineo;Due carreggiate;Asciutto;Asfaltata;Orizzontale;Sereno;Intenso;Buona;Ore Diurne;1;0;0;3;;;-1;1;Autovettura privata;In marcia / fermata / arresto;Conducente;F;Illeso;0;;Utilizzato;Inesistente
1767486;12;27/06/2008 08:10;Strada Urbana;VIALE DELL'OCEANO ATLANTICO;in corrispondenza;;del palo luce n. ;75;;Tamponamento Multiplo;Rettilineo;Due carreggiate;Asciutto;Asfaltata;Orizzontale;Sereno;Intenso;Buona;Ore Diurne;1;0;0;3;;;-1;2;Autovettura privata;In marcia / fermata / arresto;Conducente;F;Rimandato;0;NON DECEDUTO;Utilizzato;Inesploso
1767486;12;27/06/2008 08:10;Strada Urbana;VIALE DELL'OCEANO ATLANTICO;in corrispondenza;;del palo luce n. ;75;;Tamponamento Multiplo;Rettilineo;Due carreggiate;Asciutto;Asfaltata;Orizzontale;Sereno;Intenso;Buona;Ore Diurne;1;0;0;3;;;-1;3;Autovettura privata;In marcia / fermata / arresto;Conducente;M;Illeso;0;;Utilizzato;Inesistente
1767486;12;27/06/2008 08:10;Strada Urbana;VIALE DELL'OCEANO ATLANTICO;in corrispondenza;;del palo luce n. ;75;;Tamponamento Multiplo;Rettilineo;Due carreggiate;Asciutto;Asfaltata;Orizzontale;Sereno;Intenso;Buona;Ore Diurne;1;0;0;3;;;-1;3;Autovettura privata;In marcia / fermata / arresto;Passeggero;F;Illeso;0;;Utilizzato;Inesploso
1767487;12;27/06/2008 11:30;Strada Urbana;VIA PONTINA;all'intersezione con;VIALE DEI CADUTI PER LA RESISTENZA;VIALE DEI CADUTI PER LA RESISTENZA;;;Scontro frontale fra veicoli in marcia;Incrocio;Una carreggiata a doppio senso;Asciutto;Asfaltata;Verticale ed orizzontale;Sereno;Normale;Buona;Ore Diurne;0;0;0;4;;;-1;1;Autovettura privata;In marcia / fermata / arresto;Conducente;F;Illeso;0;;Utilizzato;Inesistente
1767487;12;27/06/2008 11:30;Strada Urbana;VIA PONTINA;all'intersezione con;VIALE DEI CADUTI PER LA RESISTENZA;VIALE DEI CADUTI PER LA RESISTENZA;;;Scontro frontale fra veicoli in marcia;Incrocio;Una carreggiata a doppio senso;Asciutto;Asfaltata;Verticale ed orizzontale;Sereno;Normale;Buona;Ore Diurne;0;0;0;4;;;-1;2;Autovettura privata;In marcia / fermata / arresto;Conducente;M;Illeso;0;;Utilizzato;Inesistente
1767487;12;27/06/2008 11:30;Strada Urbana;VIA PONTINA;all'intersezione con;VIALE DEI CADUTI PER LA RESISTENZA;VIALE DEI CADUTI PER LA RESISTENZA;;;Scontro frontale fra veicoli in marcia;Incrocio;Una carreggiata a doppio senso;Asciutto;Asfaltata;Verticale ed orizzontale;Sereno;Normale;Buona;Ore Diurne;0;0;0;4;;;-1;2;Autovettura privata;In marcia / fermata / arresto;Passeggero;F;Illeso;0;;Utilizzato;Inesistente
1767487;12;27/06/2008 11:30;Strada Urbana;VIA PONTINA;all'intersezione con;VIALE DEI CADUTI PER LA RESISTENZA;VIALE DEI CADUTI PER LA RESISTENZA;;;Scontro frontale fra veicoli in marcia;Incrocio;Una carreggiata a doppio senso;Asciutto;Asfaltata;Verticale ed orizzontale;Sereno;Normale;Buona;Ore Diurne;0;0;0;4;;;-1;2;Autovettura privata;In marcia / fermata / arresto;Passeggero;M;Illeso;0;;Utilizzato;Inesistente
1767488;12;28/06/2008;;VIA PONTINA;in corrispondenza;;della chilometrica ;24,7;;Ribaltamento senza urto contro ostacolo fisso;;;;;;;;;;0;0;0;1;;;0;1;Autovettura privata;In marcia / fermata / arresto;Conducente;M;Illeso;0;;;Inesistente
1767489;12;28/06/2008 05:40;Strada Urbana;VIALE DELL'ATLETICA;da specificare;;;;(dir. C. Colombo);Ribaltamento senza urto contro ostacolo fisso;Rettilineo;Due carreggiate;Asciutto;Asfaltata;Verticale ed orizzontale;Nuvoloso;Scarso;Sufficiente;Ore Diurne;1;0;0;0;;;-1;1;Autovettura privata;In marcia / fermata / arresto;Conducente;M;Rimandato;0;NON DECEDUTO;Utilizzato;Inesistente
1767490;12;28/06/2008 16:40;Statale;VIA DEL MARE;all'intersezione con;VIA DELL'IPPICA;VIA DELL'IPPICA;;;Scontro frontale/laterale SX fra veicoli in marcia;Incrocio;Una carreggiata a doppio senso;Asciutto;Asfaltata;Verticale ed orizzontale;Sereno;Normale;Buona;Ore Diurne;1;0;0;0;;;-1;1;Motociclo a solo;In marcia / fermata / arresto;Conducente;M;Rimandato;0;NON DECEDUTO;Utilizzato;Inesistente
1767492;13;29/06/2008 13:50;Strada Urbana;VIA NICCOLO' BENINO;all'intersezione con;VIA UGOLINO VIVALDI;VIA UGOLINO VIVALDI;;;Scontro frontale/laterale SX fra veicoli in marcia;Incrocio;Una carreggiata a doppio senso;Asciutto;Asfaltata;Assente;Sereno;Normale;Sufficiente;Ore Diurne;1;0;0;2;;;-1;1;Autovettura privata;In marcia / fermata / arresto;Conducente;F;Illeso;0;;Utilizzato;Inesploso
1767492;13;29/06/2008 13:50;Strada Urbana;VIA NICCOLO' BENINO;all'intersezione con;VIA UGOLINO VIVALDI;VIA UGOLINO VIVALDI;;;Scontro frontale/laterale SX fra veicoli in marcia;Incrocio;Una carreggiata a doppio senso;Asciutto;Asfaltata;Assente;Sereno;Normale;Sufficiente;Ore Diurne;1;0;0;2;;;-1;2;Autovettura privata;In marcia / fermata / arresto;Conducente;M;Illeso;0;;Non accertato;Esploso
1767492;13;29/06/2008 13:50;Strada Urbana;VIA NICCOLO' BENINO;all'intersezione con;VIA UGOLINO VIVALDI;VIA UGOLINO VIVALDI;;;Scontro frontale/laterale SX fra veicoli in marcia;Incrocio;Una carreggiata a doppio senso;Asciutto;Asfaltata;Assente;Sereno;Normale;Sufficiente;Ore Diurne;1;0;0;2;;;-1;2;Autovettura privata;In marcia / fermata / arresto;Passeggero;M;Rimandato;0;NON DECEDUTO;Non accertato;Inesistente
1767493;13;29/06/2008 16:40;Provinciale;VIA LITORANEA;in prossimità;;della chilometrica ;8,6;;Scontro laterale fra veicoli in marcia;Rettilineo;Una carreggiata a doppio senso;Asciutto;Asfaltata;Orizzontale;Sereno;Intenso;Buona;Ore Diurne;2;0;0;2;;;-1;1;Motociclo con passeggero;In marcia / fermata / arresto;Conducente;M;Rimandato;0;NON DECEDUTO;Non accertato;Inesistente
1767493;13;29/06/2008 16:40;Provinciale;VIA LITORANEA;in prossimità;;della chilometrica ;8,6;;Scontro laterale fra veicoli in marcia;Rettilineo;Una carreggiata a doppio senso;Asciutto;Asfaltata;Orizzontale;Sereno;Intenso;Buona;Ore Diurne;2;0;0;2;;;-1;1;Motociclo con passeggero;In marcia / fermata / arresto;Passeggero;F;Rimandato;0;NON DECEDUTO;Non accertato;Inesistente
1767493;13;29/06/2008 16:40;Provinciale;VIA LITORANEA;in prossimità;;della chilometrica ;8,6;;Scontro laterale fra veicoli in marcia;Rettilineo;Una carreggiata a doppio senso;Asciutto;Asfaltata;Orizzontale;Sereno;Intenso;Buona;Ore Diurne;2;0;0;2;;;-1;2;Autovettura privata;In marcia / fermata / arresto;Conducente;M;Illeso;0;;Non accertato;Inesploso
1767493;13;29/06/2008 16:40;Provinciale;VIA LITORANEA;in prossimità;;della chilometrica ;8,6;;Scontro laterale fra veicoli in marcia;Rettilineo;Una carreggiata a doppio senso;Asciutto;Asfaltata;Orizzontale;Sereno;Intenso;Buona;Ore Diurne;2;0;0;2;;;-1;2;Autovettura privata;In marcia / fermata / arresto;Passeggero;F;Illeso;0;;Non accertato;Inesploso
1767494;13;29/06/2008 17:10;Strada Urbana;LUNGOMARE AMERIGO VESPUCCI;da specificare;;;;"prossimità stabilimento ""LA MARIPOSA""";Scontro laterale fra veicoli in marcia;Rettilineo;Una carreggiata a doppio senso;Asciutto;Asfaltata;Orizzontale;Sereno;Normale;Buona;Ore Diurne;1;0;0;2;;;-1;1;Autovettura privata;In marcia / fermata / arresto;Conducente;F;Illeso;0;;Non accertato;Inesistente
1767494;13;29/06/2008 17:10;Strada Urbana;LUNGOMARE AMERIGO VESPUCCI;da specificare;;;;"prossimità stabilimento ""LA MARIPOSA""";Scontro laterale fra veicoli in marcia;Rettilineo;Una carreggiata a doppio senso;Asciutto;Asfaltata;Orizzontale;Sereno;Normale;Buona;Ore Diurne;1;0;0;2;;;-1;1;Autovettura privata;In marcia / fermata / arresto;Passeggero;F;Rimandato;0;NON DECEDUTO;Non accertato;Inesistente
1767494;13;29/06/2008 17:10;Strada Urbana;LUNGOMARE AMERIGO VESPUCCI;da specificare;;;;"prossimità stabilimento ""LA MARIPOSA""";Scontro laterale fra veicoli in marcia;Rettilineo;Una carreggiata a doppio senso;Asciutto;Asfaltata;Orizzontale;Sereno;Normale;Buona;Ore Diurne;1;0;0;2;;;-1;2;Autovettura privata;In marcia / fermata / arresto;Conducente;F;Illeso;0;;Non accertato;Inesistente
1767495;13;29/06/2008 17:50;Strada Urbana;LUNGOMARE LUTAZIO CATULO;da specificare;;;;prossimità via ori;Tamponamento Multiplo;Rettilineo;Due carreggiate;Asciutto;Asfaltata;Verticale ed orizzontale;Sereno;Intenso;Buona;Ore Diurne;2;0;0;1;;;-1;1;Autovettura privata;In marcia / fermata / arresto;Conducente;M;Rimandato;0;NON DECEDUTO;Non accertato;Inesistente
1767495;13;29/06/2008 17:50;Strada Urbana;LUNGOMARE LUTAZIO CATULO;da specificare;;;;prossimità via ori;Tamponamento Multiplo;Rettilineo;Due carreggiate;Asciutto;Asfaltata;Verticale ed orizzontale;Sereno;Intenso;Buona;Ore Diurne;2;0;0;1;;;-1;2;Autovettura privata;In marcia / fermata / arresto;Conducente;M;Rimandato;0;NON DECEDUTO;Non accertato;Inesistente
1767495;13;29/06/2008 17:50;Strada Urbana;LUNGOMARE LUTAZIO CATULO;da specificare;;;;prossimità via ori;Tamponamento Multiplo;Rettilineo;Due carreggiate;Asciutto;Asfaltata;Verticale ed orizzontale;Sereno;Intenso;Buona;Ore Diurne;2;0;0;1;;;-1;3;Autovettura privata;In marcia / fermata / arresto;Conducente;M;Illeso;0;;Non accertato;Inesistente
1767497;13;29/06/2008 20:00;Strada Urbana;VIA CARLO ALBIZZATI;all'intersezione con;VIA SALVATORE GASBARRA;VIA SALVATORE GASBARRA;;;Veicolo in marcia contro ostacolo fisso;Incrocio;Una carreggiata a doppio senso;Asciutto;Asfaltata;Verticale;Sereno;Normale;Buona;Ore Diurne;1;0;0;0;;;-1;1;Autocarro inferiore 35 q.;In marcia / fermata / arresto;Conducente;M;Rimandato;0;NON DECEDUTO;Non accertato;Inesploso
1767498;13;29/06/2008 20:15;Strada Urbana;VIA LITORANEA;all'intersezione con;VIA DEL LIDO DI CASTELPORZIANO;VIA DEL LIDO DI CASTELPORZIANO;;;Scontro frontale/laterale SX fra veicoli in marcia;Incrocio;Due carreggiate;Asciutto;Asfaltata;Assente;Sereno;Normale;Buona;Ore Diurne;1;0;0;2;;;-1;1;Autovettura privata;In marcia / fermata / arresto;Conducente;M;Illeso;0;;Non accertato;Inesploso
1767498;13;29/06/2008 20:15;Strada Urbana;VIA LITORANEA;all'intersezione con;VIA DEL LIDO DI CASTELPORZIANO;VIA DEL LIDO DI CASTELPORZIANO;;;Scontro frontale/laterale SX fra veicoli in marcia;Incrocio;Due carreggiate;Asciutto;Asfaltata;Assente;Sereno;Normale;Buona;Ore Diurne;1;0;0;2;;;-1;2;Motociclo con passeggero;In marcia / fermata / arresto;Conducente;M;Illeso;0;;Non accertato;Inesploso
1767498;13;29/06/2008 20:15;Strada Urbana;VIA LITORANEA;all'intersezione con;VIA DEL LIDO DI CASTELPORZIANO;VIA DEL LIDO DI CASTELPORZIANO;;;Scontro frontale/laterale SX fra veicoli in marcia;Incrocio;Due carreggiate;Asciutto;Asfaltata;Assente;Sereno;Normale;Buona;Ore Diurne;1;0;0;2;;;-1;2;Motociclo con passeggero;In marcia / fermata / arresto;Passeggero;F;Rimandato;0;NON DECEDUTO;Non accertato;Inesploso
1767499;13;29/06/2008 23:00;Strada Urbana;VIA DELLE CAROLINE;da specificare;;;;altezza VIA C. MARENCO DI MORIONDO;Fuoriuscita dalla sede stradale;Rettilineo;Due carreggiate;Asciutto;Asfaltata;Assente;Sereno;Scarso;Buona;Sufficiente;0;0;0;1;;;-1;1;Autovettura privata;In marcia / fermata / arresto;Conducente;M;Illeso;0;;Non accertato;Inesistente
1767500;13;29/06/2008 23:20;Strada Urbana;VIA MANUEL DE FALLA;all'intersezione con;VIA MAURICE RAVEL;VIA MAURICE RAVEL;;;Scontro frontale/laterale DX fra veicoli in marcia;Incrocio;Una carreggiata a doppio senso;Asciutto;Asfaltata;Verticale ed orizzontale;Sereno;Scarso;Buona;Sufficiente;1;0;0;2;;;-1;2;Autovettura privata;In marcia / fermata / arresto;Conducente;M;Illeso;0;;Non accertato;Inesistente
1767500;13;29/06/2008 23:20;Strada Urbana;VIA MANUEL DE FALLA;all'intersezione con;VIA MAURICE RAVEL;VIA MAURICE RAVEL;;;Scontro frontale/laterale DX fra veicoli in marcia;Incrocio;Una carreggiata a doppio senso;Asciutto;Asfaltata;Verticale ed orizzontale;Sereno;Scarso;Buona;Sufficiente;1;0;0;2;;;-1;2;Autovettura privata;In marcia / fermata / arresto;Passeggero;M;Illeso;0;;Non accertato;Inesistente
1767500;13;29/06/2008 23:20;Strada Urbana;VIA MANUEL DE FALLA;all'intersezione con;VIA MAURICE RAVEL;VIA MAURICE RAVEL;;;Scontro frontale/laterale DX fra veicoli in marcia;Incrocio;Una carreggiata a doppio senso;Asciutto;Asfaltata;Verticale ed orizzontale;Sereno;Scarso;Buona;Sufficiente;1;0;0;2;;;-1;3;Autovettura privata;In marcia / fermata / arresto;Conducente;M;Rimandato;0;NON DECEDUTO;Non accertato;Inesistente
1767501;13;30/06/2008 04:00;Strada Urbana;PIAZZALE MAGELLANO;all'intersezione con;PIAZZA CESARIO CONSOLE;PIAZZA CESARIO CONSOLE;;;Tamponamento;Rotatoria;Due carreggiate;Asciutto;Asfaltata;Orizzontale;Sereno;Scarso;Buona;Sufficiente;0;0;0;2;;;-1;1;Autovettura privata;In marcia / fermata / arresto;Conducente;M;Illeso;0;;Non accertato;Inesistente
1767501;13;30/06/2008 04:00;Strada Urbana;PIAZZALE MAGELLANO;all'intersezione con;PIAZZA CESARIO CONSOLE;PIAZZA CESARIO CONSOLE;;;Tamponamento;Rotatoria;Due carreggiate;Asciutto;Asfaltata;Orizzontale;Sereno;Scarso;Buona;Sufficiente;0;0;0;2;;;-1;2;Autovettura privata;In marcia / fermata / arresto;Conducente;M;Illeso;0;;Non accertato;Inesploso
1767503;15;28/06/2008 09:30;Strada Urbana;VIALE GUGLIELMO MARCONI;all'intersezione semaforizzata con;VIA ALBERTO EINSTEIN;VIA ALBERTO EINSTEIN;;;Infortunio per caduta del veicolo;Intersezione semaforizzata;Due carreggiate;Asciutto;Asfaltata;Verticale ed orizzontale;Sereno;Normale;Buona;Ore Diurne;1;0;0;2;;;-1;1;Motociclo a solo;In marcia / fermata / arresto;Conducente;M;Rimandato;0;NON DECEDUTO;Utilizzato;Inesistente
1767503;15;28/06/2008 09:30;Strada Urbana;VIALE GUGLIELMO MARCONI;all'intersezione semaforizzata con;VIA ALBERTO EINSTEIN;VIA ALBERTO EINSTEIN;;;Infortunio per caduta del veicolo;Intersezione semaforizzata;Due carreggiate;Asciutto;Asfaltata;Verticale ed orizzontale;Sereno;Normale;Buona;Ore Diurne;1;0;0;2;;;-1;2;Autovettura privata;In marcia / fermata / arresto;Conducente;M;Illeso;0;;Utilizzato;Inesistente
1767503;15;28/06/2008 09:30;Strada Urbana;VIALE GUGLIELMO MARCONI;all'intersezione semaforizzata con;VIA ALBERTO EINSTEIN;VIA ALBERTO EINSTEIN;;;Infortunio per caduta del veicolo;Intersezione semaforizzata;Due carreggiate;Asciutto;Asfaltata;Verticale ed orizzontale;Sereno;Normale;Buona;Ore Diurne;1;0;0;2;;;-1;2;Autovettura privata;In marcia / fermata / arresto;Passeggero;F;Illeso;0;;Utilizzato;Inesistente
1767504;15;28/06/2008 16:50;Strada Urbana;VIALE SALVATORE REBECCHINI;in prossimità;;del civico n. ;137;;Scontro frontale/laterale SX fra veicoli in marcia;Rettilineo;Una carreggiata a doppio senso;Asciutto;Asfaltata;Verticale ed orizzontale;Sereno;Scarso;Buona;Ore Diurne;0;0;0;2;;;-1;1;Autovettura privata;In marcia / fermata / arresto;Conducente;M;Illeso;0;;Utilizzato;Inesistente
1767504;15;28/06/2008 16:50;Strada Urbana;VIALE SALVATORE REBECCHINI;in prossimità;;del civico n. ;137;;Scontro frontale/laterale SX fra veicoli in marcia;Rettilineo;Una carreggiata a doppio senso;Asciutto;Asfaltata;Verticale ed orizzontale;Sereno;Scarso;Buona;Ore Diurne;0;0;0;2;;;-1;2;Autovettura privata;In marcia / fermata / arresto;Conducente;M;Illeso;0;;Utilizzato;Inesistente
1767505;15;28/06/2008 19:45;Strada Urbana;LUNGOTEVERE DEGLI INVENTORI;da specificare;;;;prossimita' piazza a. righi;Tamponamento;Rettilineo;Una carreggiata a doppio senso;Asciutto;Asfaltata;Orizzontale;Sereno;Normale;Buona;Ore Diurne;0;0;0;2;;;-1;1;Autovettura privata;In marcia / fermata / arresto;Conducente;F;Illeso;0;;Utilizzato;Inesistente
1767505;15;28/06/2008 19:45;Strada Urbana;LUNGOTEVERE DEGLI INVENTORI;da specificare;;;;prossimita' piazza a. righi;Tamponamento;Rettilineo;Una carreggiata a doppio senso;Asciutto;Asfaltata;Orizzontale;Sereno;Normale;Buona;Ore Diurne;0;0;0;2;;;-1;2;Autovettura privata;In marcia / fermata / arresto;Conducente;F;Illeso;0;;Utilizzato;Inesistente
1767506;15;29/06/2008 14:00;Strada Urbana;VIA DELLA MURATELLA;da specificare;;;;altezza palo Acea n. 78;Scontro frontale/laterale DX fra veicoli in marcia;Rettilineo;Una carreggiata a doppio senso;Asciutto;Asfaltata;Verticale ed orizzontale;Sereno;Scarso;Buona;Ore Diurne;1;0;0;1;;;-1;1;Autocarro inferiore 35 q.;In marcia / fermata / arresto;Conducente;M;Illeso;0;;Non accertato;Inesistente
1767506;15;29/06/2008 14:00;Strada Urbana;VIA DELLA MURATELLA;da specificare;;;;altezza palo Acea n. 78;Scontro frontale/laterale DX fra veicoli in marcia;Rettilineo;Una carreggiata a doppio senso;Asciutto;Asfaltata;Verticale ed orizzontale;Sereno;Scarso;Buona;Ore Diurne;1;0;0;1;;;-1;2;Motociclo a solo;In marcia / fermata / arresto;Conducente;M;Rimandato;0;NON DECEDUTO;Utilizzato;Inesistente
1767507;15;29/06/2008 17:00;Strada Urbana;LUNGOTEVERE DEGLI INVENTORI;in corrispondenza;;del civico n. ;54;;Veicolo in marcia contro veicoli in sosta;Rettilineo;Una carreggiata a doppio senso;Asciutto;Asfaltata;Orizzontale;Sereno;Scarso;Buona;Ore Diurne;0;0;0;1;;;-1;1;Autovettura privata;In marcia / fermata / arresto;Conducente;M;Illeso;0;;Utilizzato;Inesploso
1767508;15;30/06/2008 00:15;Comunale extraurbana;VIALE FRANCO D'AMICO;da specificare;;;;2° rotatoria provenienza Fiumicino;Veicolo in marcia contro ostacolo fisso;Curva a visuale libera;Due carreggiate;Asciutto;Asfaltata;Verticale ed orizzontale;Sereno;Scarso;Buona;Sufficiente;0;0;0;2;;;-1;1;Autovettura privata;In marcia / fermata / arresto;Conducente;M;Illeso;0;;Utilizzato;Inesistente
1767508;15;30/06/2008 00:15;Comunale extraurbana;VIALE FRANCO D'AMICO;da specificare;;;;2° rotatoria provenienza Fiumicino;Veicolo in marcia contro ostacolo fisso;Curva a visuale libera;Due carreggiate;Asciutto;Asfaltata;Verticale ed orizzontale;Sereno;Scarso;Buona;Sufficiente;0;0;0;2;;;-1;1;Autovettura privata;In marcia / fermata / arresto;Passeggero;M;Illeso;0;;Utilizzato;Inesistente
1767509;19;28/06/2008 08:15;Strada Urbana;VIA DI S. CLETO PAPA;all'intersezione semaforizzata con;VIA DELLA PINETA SACCHETTI;VIA DELLA PINETA SACCHETTI;;;Tamponamento Multiplo;Incrocio;Una carreggiata a senso unico di marcia;Asciutto;Asfaltata;Verticale ed orizzontale;Sereno;Normale;Buona;Ore Diurne;0;0;0;5;;;-1;1;Autovettura privata;In marcia / fermata / arresto;Passeggero;F;Illeso;0;;Non accertato;Inesistente
1767509;19;28/06/2008 08:15;Strada Urbana;VIA DI S. CLETO PAPA;all'intersezione semaforizzata con;VIA DELLA PINETA SACCHETTI;VIA DELLA PINETA SACCHETTI;;;Tamponamento Multiplo;Incrocio;Una carreggiata a senso unico di marcia;Asciutto;Asfaltata;Verticale ed orizzontale;Sereno;Normale;Buona;Ore Diurne;0;0;0;5;;;-1;1;Autovettura privata;In marcia / fermata / arresto;Conducente;M;Illeso;0;;Non accertato;Inesistente
1767509;19;28/06/2008 08:15;Strada Urbana;VIA DI S. CLETO PAPA;all'intersezione semaforizzata con;VIA DELLA PINETA SACCHETTI;VIA DELLA PINETA SACCHETTI;;;Tamponamento Multiplo;Incrocio;Una carreggiata a senso unico di marcia;Asciutto;Asfaltata;Verticale ed orizzontale;Sereno;Normale;Buona;Ore Diurne;0;0;0;5;;;-1;2;Autovettura privata;In marcia / fermata / arresto;Conducente;M;Illeso;0;;Non accertato;Inesistente