Protocollo;Gruppo;DataOraIncidente;Localizzazione1;STRADA1;Localizzazione2;STRADA2;Strada02;Chilometrica;DaSpecificare;NaturaIncidente;particolaritastrade;TipoStrada;FondoStradale;Pavimentazione;Segnaletica;CondizioneAtmosferica;Traffico;Visibilita;Illuminazione;NUM_FERITI;NUM_RISERVATA;NUM_MORTI;NUM_ILLESI;Longitudine;Latitudine;Confermato;Progressivo;TipoVeicolo;StatoVeicolo;TipoPersona;Sesso;Tipolesione;Deceduto;DecedutoDopo;CinturaCascoUtilizzato;Airbag
1767509;19;28/06/2008 08:15;Strada Urbana;VIA DI S. CLETO PAPA;all'intersezione semaforizzata con;VIA DELLA PINETA SACCHETTI;VIA DELLA PINETA SACCHETTI;;;Tamponamento Multiplo;Incrocio;Una carreggiata a senso unico di marcia;Asciutto;Asfaltata;Verticale ed orizzontale;Sereno;Normale;Buona;Ore Diurne;0;0;0;5;;;-1;2;Autovettura privata;In marcia / fermata / arresto;Passeggero;M;Illeso;0;;Non accertato;Inesistente
1767509;19;28/06/2008 08:15;Strada Urbana;VIA DI S. CLETO PAPA;all'intersezione semaforizzata con;VIA DELLA PINETA SACCHETTI;VIA DELLA PINETA SACCHETTI;;;Tamponamento Multiplo;Incrocio;Una carreggiata a senso unico di marcia;Asciutto;Asfaltata;Verticale ed orizzontale;Sereno;Normale;Buona;Ore Diurne;0;0;0;5;;;-1;3;Autovettura privata;In marcia / fermata / arresto;Conducente;M;Illeso;0;;Utilizzato;Inesploso
1767510;19;28/06/2008 13:30;Strada Urbana;VIA GIOVANNI GHERARDINI;all'intersezione con;VIA AUGUSTO CONTI;VIA AUGUSTO CONTI;;;Scontro frontale/laterale DX fra veicoli in marcia;Incrocio;Una carreggiata a senso unico di marcia;Asciutto;Asfaltata;Verticale ed orizzontale;Sereno;Scarso;Buona;Ore Diurne;1;0;0;1;;;-1;1;Autovettura privata;In marcia / fermata / arresto;Conducente;F;Rimandato;0;NON DECEDUTO;Utilizzato;Inesploso
1767510;19;28/06/2008 13:30;Strada Urbana;VIA GIOVANNI GHERARDINI;all'intersezione con;VIA AUGUSTO CONTI;VIA AUGUSTO CONTI;;;Scontro frontale/laterale DX fra veicoli in marcia;Incrocio;Una carreggiata a senso unico di marcia;Asciutto;Asfaltata;Verticale ed orizzontale;Sereno;Scarso;Buona;Ore Diurne;1;0;0;1;;;-1;2;Autovettura privata;In marcia / fermata / arresto;Conducente;M;Illeso;0;;Utilizzato;Inesploso
1767511;19;28/06/2008 15:00;Strada Urbana;VIA COLOGNO MONZESE;in corrispondenza;;del civico n. ;f.c.51;;Veicolo in marcia contro ostacolo fisso;Rettilineo;Una carreggiata a doppio senso;Asciutto;Asfaltata;Assente;Sereno;Scarso;Sufficiente;Ore Diurne;0;0;0;1;;;-1;1;Autocarro inferiore 35 q.;In marcia / fermata / arresto;Conducente;F;Illeso;0;;Utilizzato;Inesistente
1767512;19;28/06/2008 16:00;Strada Urbana;VIA VINCENZO TOMASSINI;all'intersezione con;VIA AUGUSTO TEBALDI;VIA AUGUSTO TEBALDI;;;Scontro frontale/laterale SX fra veicoli in marcia;Incrocio;Una carreggiata a senso unico di marcia;Asciutto;Asfaltata;Verticale;Sereno;Scarso;Buona;Ore Diurne;0;0;0;2;;;-1;1;Autovettura privata;In marcia / fermata / arresto;Conducente;F;Illeso;0;;Utilizzato;Inesploso
1767512;19;28/06/2008 16:00;Strada Urbana;VIA VINCENZO TOMASSINI;all'intersezione con;VIA AUGUSTO TEBALDI;VIA AUGUSTO TEBALDI;;;Scontro frontale/laterale SX fra veicoli in marcia;Incrocio;Una carreggiata a senso unico di marcia;Asciutto;Asfaltata;Verticale;Sereno;Scarso;Buona;Ore Diurne;0;0;0;2;;;-1;2;Autovettura privata;In marcia / fermata / arresto;Conducente;M;Illeso;0;;Utilizzato;Inesploso
1767513;19;29/06/2008 00:30;Comunale extraurbana;VIA TIBERINA;in prossimità;;della chilometrica ;2,75;;Veicolo in marcia contro ostacolo fisso;Curva senza visuale libera;Una carreggiata a doppio senso;Asciutto;Asfaltata;Orizzontale;Sereno;Scarso;Sufficiente;Insufficiente;0;0;0;1;;;-1;1;Autocarro inferiore 35 q.;In marcia / fermata / arresto;Conducente;M;Illeso;0;;Utilizzato;Inesploso
1767514;19;29/06/2008 12:05;Strada Urbana;VIA DI TORREVECCHIA;all'intersezione con;VIA SIMONE MOSCA;VIA SIMONE MOSCA;;;Veicolo in marcia contro ostacolo accidentale;Intersezione stradale segnalata;Una carreggiata a senso unico di marcia;Asciutto;Asfaltata;Verticale ed orizzontale;Sereno;Scarso;Buona;Ore Diurne;0;0;0;1;;;-1;1;Autovettura privata;In marcia / fermata / arresto;Conducente;M;Illeso;0;;Utilizzato;Inesistente
1767515;19;29/06/2008 16:40;Strada Urbana;VIA DELLA RISERVA GRANDE;all'intersezione con;LARGO INES BEDESCHI;LARGO INES BEDESCHI;;;Infortunio per caduta del veicolo;Intersezione stradale segnalata;Una carreggiata a doppio senso;Sdrucciolevole (pietrisco);Asfaltata;Assente;Sereno;Normale;Buona;Ore Diurne;0;0;0;1;;;-1;1;Motociclo a solo;In marcia / fermata / arresto;Conducente;M;Illeso;0;;Utilizzato;Inesistente
1767516;19;30/06/2008 06:40;Strada Urbana;VIA DI SELVA NERA;in prossimità;;del civico n. ;25;;Scontro frontale fra veicoli in marcia;Curva senza visuale libera;Una carreggiata a doppio senso;Asciutto;Asfaltata;Assente;Sereno;Scarso;Buona;Ore Diurne;0;0;0;3;;;-1;1;Autovettura privata;In marcia / fermata / arresto;Conducente;M;Illeso;0;;Utilizzato;Inesploso
1767516;19;30/06/2008 06:40;Strada Urbana;VIA DI SELVA NERA;in prossimità;;del civico n. ;25;;Scontro frontale fra veicoli in marcia;Curva senza visuale libera;Una carreggiata a doppio senso;Asciutto;Asfaltata;Assente;Sereno;Scarso;Buona;Ore Diurne;0;0;0;3;;;-1;2;Ciclomotore;In marcia / fermata / arresto;Conducente;M;Illeso;0;;Utilizzato;Inesistente
1767516;19;30/06/2008 06:40;Strada Urbana;VIA DI SELVA NERA;in prossimità;;del civico n. ;25;;Scontro frontale fra veicoli in marcia;Curva senza visuale libera;Una carreggiata a doppio senso;Asciutto;Asfaltata;Assente;Sereno;Scarso;Buona;Ore Diurne;0;0;0;3;;;-1;3;Autocarro superiore 35 q.;In marcia / fermata / arresto;Conducente;M;Illeso;0;;Utilizzato;Inesploso
1767517;19;30/06/2008 10:20;Strada Urbana;VIA UGO DE CAROLIS;all'intersezione con;PIAZZA GIOVENALE;PIAZZA GIOVENALE;;;Scontro laterale fra veicoli in marcia;Incrocio;Una carreggiata a doppio senso;Asciutto;Asfaltata;Verticale ed orizzontale;Sereno;Normale;Buona;Ore Diurne;1;0;0;0;;;-1;1;Motociclo a solo;In marcia / fermata / arresto;Conducente;F;Rimandato;0;NON DECEDUTO;Utilizzato;Inesistente
1767518;19;30/06/2008 12:20;Strada Urbana;VIA ENRICO PESTALOZZI;all'intersezione con;VIA DELLA PINETA SACCHETTI;VIA DELLA PINETA SACCHETTI;;;Infortunio per caduta del veicolo;Incrocio;Una carreggiata a senso unico di marcia;Viscido da liquidi oleosi;Asfaltata;Assente;Sereno;Normale;Buona;Ore Diurne;0;0;0;1;;;-1;1;Ciclomotore;In marcia / fermata / arresto;Conducente;M;Illeso;0;;Utilizzato;Inesistente
1767519;19;30/06/2008 12:25;Strada Urbana;VIA ENRICO PESTALOZZI;all'intersezione con;VIA DELLA PINETA SACCHETTI;VIA DELLA PINETA SACCHETTI;;;Infortunio per caduta del veicolo;Incrocio;Una carreggiata a senso unico di marcia;Viscido da liquidi oleosi;Asfaltata;Assente;Sereno;Scarso;Buona;Ore Diurne;0;0;0;2;;;-1;1;Motociclo con passeggero;In marcia / fermata / arresto;Conducente;M;Illeso;0;;Utilizzato;Inesistente
1767519;19;30/06/2008 12:25;Strada Urbana;VIA ENRICO PESTALOZZI;all'intersezione con;VIA DELLA PINETA SACCHETTI;VIA DELLA PINETA SACCHETTI;;;Infortunio per caduta del veicolo;Incrocio;Una carreggiata a senso unico di marcia;Viscido da liquidi oleosi;Asfaltata;Assente;Sereno;Scarso;Buona;Ore Diurne;0;0;0;2;;;-1;1;Motociclo con passeggero;In marcia / fermata / arresto;Passeggero;M;Illeso;0;;Utilizzato;Inesistente
1767520;2;27/06/2008 12:05;Strada Urbana;VIA ULISSE ALDROVANDI;in prossimità;;del civico n. ;fronte 13;;Investimento di pedone;Rettilineo;Una carreggiata a doppio senso;Asciutto;Asfaltata;Verticale ed orizzontale;Sereno;Normale;Buona;Ore Diurne;1;0;0;1;;;-1;;;;Pedone;F;Rimandato;0;NON DECEDUTO;;
1767520;2;27/06/2008 12:05;Strada Urbana;VIA ULISSE ALDROVANDI;in prossimità;;del civico n. ;fronte 13;;Investimento di pedone;Rettilineo;Una carreggiata a doppio senso;Asciutto;Asfaltata;Verticale ed orizzontale;Sereno;Normale;Buona;Ore Diurne;1;0;0;1;;;-1;1;Autovettura privata;In marcia / fermata / arresto;Conducente;M;Illeso;0;;Non accertato;Inesistente
1767521;2;27/06/2008 14:30;Strada Urbana;VIA ADIGE;all'intersezione con;VIA AGRI;VIA AGRI;;;Scontro frontale/laterale SX fra veicoli in marcia;Incrocio;Una carreggiata a senso unico di marcia;Asciutto;Asfaltata;Verticale ed orizzontale;Sereno;Normale;Buona;Ore Diurne;1;0;0;4;;;-1;1;Autovettura privata;In marcia / fermata / arresto;Conducente;M;Illeso;0;;Non accertato;Inesistente
1767521;2;27/06/2008 14:30;Strada Urbana;VIA ADIGE;all'intersezione con;VIA AGRI;VIA AGRI;;;Scontro frontale/laterale SX fra veicoli in marcia;Incrocio;Una carreggiata a senso unico di marcia;Asciutto;Asfaltata;Verticale ed orizzontale;Sereno;Normale;Buona;Ore Diurne;1;0;0;4;;;-1;1;Autovettura privata;In marcia / fermata / arresto;Passeggero;M;Illeso;0;;Non accertato;Inesistente
1767521;2;27/06/2008 14:30;Strada Urbana;VIA ADIGE;all'intersezione con;VIA AGRI;VIA AGRI;;;Scontro frontale/laterale SX fra veicoli in marcia;Incrocio;Una carreggiata a senso unico di marcia;Asciutto;Asfaltata;Verticale ed orizzontale;Sereno;Normale;Buona;Ore Diurne;1;0;0;4;;;-1;1;Autovettura privata;In marcia / fermata / arresto;Passeggero;F;Illeso;0;;Non accertato;Inesistente
1767521;2;27/06/2008 14:30;Strada Urbana;VIA ADIGE;all'intersezione con;VIA AGRI;VIA AGRI;;;Scontro frontale/laterale SX fra veicoli in marcia;Incrocio;Una carreggiata a senso unico di marcia;Asciutto;Asfaltata;Verticale ed orizzontale;Sereno;Normale;Buona;Ore Diurne;1;0;0;4;;;-1;1;Autovettura privata;In marcia / fermata / arresto;Passeggero;M;Illeso;0;;Non accertato;Inesistente
1767521;2;27/06/2008 14:30;Strada Urbana;VIA ADIGE;all'intersezione con;VIA AGRI;VIA AGRI;;;Scontro frontale/laterale SX fra veicoli in marcia;Incrocio;Una carreggiata a senso unico di marcia;Asciutto;Asfaltata;Verticale ed orizzontale;Sereno;Normale;Buona;Ore Diurne;1;0;0;4;;;-1;2;Autovettura privata;In marcia / fermata / arresto;Conducente;F;Rimandato;0;NON DECEDUTO;Non accertato;Inesistente
1767522;2;27/06/2008 18:45;Strada Urbana;PIAZZA DIGIONE;in prossimità;;del civico n. ;fronte 1;;Scontro laterale fra veicoli in marcia;Rettilineo;Una carreggiata a senso unico di marcia;Asciutto;Asfaltata;Verticale ed orizzontale;Sereno;Normale;Buona;Ore Diurne;0;0;0;2;;;-1;1;Autovettura privata;In marcia / fermata / arresto;Conducente;M;Illeso;0;;Non accertato;Inesistente
1767522;2;27/06/2008 18:45;Strada Urbana;PIAZZA DIGIONE;in prossimità;;del civico n. ;fronte 1;;Scontro laterale fra veicoli in marcia;Rettilineo;Una carreggiata a senso unico di marcia;Asciutto;Asfaltata;Verticale ed orizzontale;Sereno;Normale;Buona;Ore Diurne;0;0;0;2;;;-1;2;Motociclo a solo;In marcia / fermata / arresto;Conducente;M;Illeso;0;;Non accertato;Inesistente
1767523;2;27/06/2008 22:10;Strada Urbana;VIA TRIPOLI;in corrispondenza;;del civico n. ;155h;;Veicolo in marcia contro veicoli in sosta;Rettilineo;Una carreggiata a doppio senso;Asciutto;Asfaltata;Verticale ed orizzontale;Sereno;Scarso;Buona;Inesistente;0;0;0;1;;;-1;1;Autovettura privata;In marcia / fermata / arresto;Conducente;M;Illeso;0;;Non accertato;Inesistente
1767524;2;27/06/2008 23:15;Strada Urbana;VIALE ETIOPIA;da specificare;;;;ALL'INTERSEZIONE CON LO SVINCOLO TANGENZIALE EST;Scontro laterale fra veicoli in marcia;Rettilineo;Due carreggiate;Asciutto;Asfaltata;Verticale ed orizzontale;Sereno;Scarso;Sufficiente;Sufficiente;1;0;0;1;;;-1;1;Autovettura privata;In marcia / fermata / arresto;Conducente;M;Illeso;0;;Non accertato;Inesistente
1767524;2;27/06/2008 23:15;Strada Urbana;VIALE ETIOPIA;da specificare;;;;ALL'INTERSEZIONE CON LO SVINCOLO TANGENZIALE EST;Scontro laterale fra veicoli in marcia;Rettilineo;Due carreggiate;Asciutto;Asfaltata;Verticale ed orizzontale;Sereno;Scarso;Sufficiente;Sufficiente;1;0;0;1;;;-1;2;Motociclo a solo;In marcia / fermata / arresto;Conducente;M;Rimandato;0;NON DECEDUTO;Non accertato;Inesistente
1767525;6;29/06/2008 02:34;Strada Urbana;VIA DEI PLATANI;all'intersezione con;VIA TOR DE' SCHIAVI;VIA TOR DE' SCHIAVI;;;Scontro frontale/laterale SX fra veicoli in marcia;Incrocio;Una carreggiata a doppio senso;Asciutto;Asfaltata;Verticale ed orizzontale;Sereno;Scarso;Buona;Sufficiente;0;0;0;2;;;-1;1;Autovettura privata;In marcia / fermata / arresto;Conducente;M;Illeso;0;;Non accertato;Inesistente
1767525;6;29/06/2008 02:34;Strada Urbana;VIA DEI PLATANI;all'intersezione con;VIA TOR DE' SCHIAVI;VIA TOR DE' SCHIAVI;;;Scontro frontale/laterale SX fra veicoli in marcia;Incrocio;Una carreggiata a doppio senso;Asciutto;Asfaltata;Verticale ed orizzontale;Sereno;Scarso;Buona;Sufficiente;0;0;0;2;;;-1;2;Autovettura privata;In marcia / fermata / arresto;Conducente;M;Illeso;0;;Non accertato;Inesistente
1767526;6;29/06/2008 04:25;Strada Urbana;LARGO PRENESTE;all'intersezione semaforizzata con;VIA PRENESTINA;VIA PRENESTINA;;;Scontro frontale/laterale DX fra veicoli in marcia;Incrocio;Due carreggiate;Asciutto;Asfaltata;Verticale ed orizzontale;Sereno;Scarso;Sufficiente;Sufficiente;0;0;0;4;;;-1;1;Autovettura privata;In marcia / fermata / arresto;Conducente;M;Illeso;0;;Non accertato;Inesploso
1767526;6;29/06/2008 04:25;Strada Urbana;LARGO PRENESTE;all'intersezione semaforizzata con;VIA PRENESTINA;VIA PRENESTINA;;;Scontro frontale/laterale DX fra veicoli in marcia;Incrocio;Due carreggiate;Asciutto;Asfaltata;Verticale ed orizzontale;Sereno;Scarso;Sufficiente;Sufficiente;0;0;0;4;;;-1;2;Autovettura privata;In marcia / fermata / arresto;Conducente;M;Illeso;0;;Non accertato;Inesistente
1767526;6;29/06/2008 04:25;Strada Urbana;LARGO PRENESTE;all'intersezione semaforizzata con;VIA PRENESTINA;VIA PRENESTINA;;;Scontro frontale/laterale DX fra veicoli in marcia;Incrocio;Due carreggiate;Asciutto;Asfaltata;Verticale ed orizzontale;Sereno;Scarso;Sufficiente;Sufficiente;0;0;0;4;;;-1;2;Autovettura privata;In marcia / fermata / arresto;Passeggero;M;Illeso;0;;Non accertato;Inesistente
1767526;6;29/06/2008 04:25;Strada Urbana;LARGO PRENESTE;all'intersezione semaforizzata con;VIA PRENESTINA;VIA PRENESTINA;;;Scontro frontale/laterale DX fra veicoli in marcia;Incrocio;Due carreggiate;Asciutto;Asfaltata;Verticale ed orizzontale;Sereno;Scarso;Sufficiente;Sufficiente;0;0;0;4;;;-1;2;Autovettura privata;In marcia / fermata / arresto;Passeggero;M;Illeso;0;;Non accertato;Inesistente
1767527;6;29/06/2008 10:05;Strada Urbana;VIA CASILINA;all'intersezione con;VIA BENEDETTO BORDONI;VIA BENEDETTO BORDONI;;;Scontro frontale/laterale DX fra veicoli in marcia;Incrocio;Più di due carreggiate;Asciutto;Asfaltata;Assente;Sereno;Scarso;Buona;Ore Diurne;0;0;0;5;;;-1;1;Autovettura privata;In marcia / fermata / arresto;Conducente;M;Illeso;0;;Non accertato;Inesploso
1767527;6;29/06/2008 10:05;Strada Urbana;VIA CASILINA;all'intersezione con;VIA BENEDETTO BORDONI;VIA BENEDETTO BORDONI;;;Scontro frontale/laterale DX fra veicoli in marcia;Incrocio;Più di due carreggiate;Asciutto;Asfaltata;Assente;Sereno;Scarso;Buona;Ore Diurne;0;0;0;5;;;-1;1;Autovettura privata;In marcia / fermata / arresto;Passeggero;F;Illeso;0;;Non accertato;Inesistente
1767527;6;29/06/2008 10:05;Strada Urbana;VIA CASILINA;all'intersezione con;VIA BENEDETTO BORDONI;VIA BENEDETTO BORDONI;;;Scontro frontale/laterale DX fra veicoli in marcia;Incrocio;Più di due carreggiate;Asciutto;Asfaltata;Assente;Sereno;Scarso;Buona;Ore Diurne;0;0;0;5;;;-1;1;Autovettura privata;In marcia / fermata / arresto;Passeggero;F;Illeso;0;;Non accertato;Inesistente
1767527;6;29/06/2008 10:05;Strada Urbana;VIA CASILINA;all'intersezione con;VIA BENEDETTO BORDONI;VIA BENEDETTO BORDONI;;;Scontro frontale/laterale DX fra veicoli in marcia;Incrocio;Più di due carreggiate;Asciutto;Asfaltata;Assente;Sereno;Scarso;Buona;Ore Diurne;0;0;0;5;;;-1;1;Autovettura privata;In marcia / fermata / arresto;Passeggero;F;Illeso;0;;Non accertato;Inesistente
1767527;6;29/06/2008 10:05;Strada Urbana;VIA CASILINA;all'intersezione con;VIA BENEDETTO BORDONI;VIA BENEDETTO BORDONI;;;Scontro frontale/laterale DX fra veicoli in marcia;Incrocio;Più di due carreggiate;Asciutto;Asfaltata;Assente;Sereno;Scarso;Buona;Ore Diurne;0;0;0;5;;;-1;2;Autovettura privata;In marcia / fermata / arresto;Conducente;M;Illeso;0;;Non accertato;Inesistente
1767528;6;29/06/2008 13:10;Strada Urbana;Tangenziale Est direzione S. Giovanni;da specificare;;;;svincolo PRENESTINA;Scontro laterale fra veicoli in marcia;Rettilineo;Una carreggiata a senso unico di marcia;Asciutto;Asfaltata;Orizzontale;Sereno;Normale;Buona;Ore Diurne;2;0;0;1;;;-1;1;Motociclo a solo;In marcia / fermata / arresto;Conducente;M;Rimandato;0;NON DECEDUTO;Utilizzato;Inesistente
1767528;6;29/06/2008 13:10;Strada Urbana;Tangenziale Est direzione S. Giovanni;da specificare;;;;svincolo PRENESTINA;Scontro laterale fra veicoli in marcia;Rettilineo;Una carreggiata a senso unico di marcia;Asciutto;Asfaltata;Orizzontale;Sereno;Normale;Buona;Ore Diurne;2;0;0;1;;;-1;1;Motociclo a solo;In marcia / fermata / arresto;Passeggero;F;Rimandato;0;NON DECEDUTO;Utilizzato;Inesistente
1767528;6;29/06/2008 13:10;Strada Urbana;Tangenziale Est direzione S. Giovanni;da specificare;;;;svincolo PRENESTINA;Scontro laterale fra veicoli in marcia;Rettilineo;Una carreggiata a senso unico di marcia;Asciutto;Asfaltata;Orizzontale;Sereno;Normale;Buona;Ore Diurne;2;0;0;1;;;-1;2;Autovettura privata;In marcia / fermata / arresto;Conducente;M;Illeso;0;;Non accertato;Inesploso
1767529;6;29/06/2008 16:25;Strada Urbana;PIAZZA PIO PECCHIAI;in prossimità;;del civico n. ;10;;Veicolo in marcia contro ostacolo fisso;Rettilineo;Una carreggiata a senso unico di marcia;Asciutto;Asfaltata;Verticale ed orizzontale;Sereno;Scarso;Buona;Ore Diurne;2;0;0;0;;;-1;1;Ciclomotore con passeggero;In marcia / fermata / arresto;Passeggero;M;Rimandato;0;NON DECEDUTO;Non accertato;Inesistente
1767529;6;29/06/2008 16:25;Strada Urbana;PIAZZA PIO PECCHIAI;in prossimità;;del civico n. ;10;;Veicolo in marcia contro ostacolo fisso;Rettilineo;Una carreggiata a senso unico di marcia;Asciutto;Asfaltata;Verticale ed orizzontale;Sereno;Scarso;Buona;Ore Diurne;2;0;0;0;;;-1;1;Ciclomotore con passeggero;In marcia / fermata / arresto;Conducente;M;Rimandato;0;NON DECEDUTO;Non accertato;Inesistente
1767530;6;29/06/2008 18:30;Strada Urbana;VIA GABRINO FONDULO;in prossimità;;del civico n. ;101;;Veicolo in marcia contro veicolo in sosta;Rettilineo;Una carreggiata a senso unico di marcia;Asciutto;Asfaltata;Assente;Sereno;Normale;Buona;Ore Diurne;0;0;0;3;;;-1;1;Autovettura privata;In marcia / fermata / arresto;Conducente;M;Illeso;0;;Utilizzato;Inesistente
1767530;6;29/06/2008 18:30;Strada Urbana;VIA GABRINO FONDULO;in prossimità;;del civico n. ;101;;Veicolo in marcia contro veicolo in sosta;Rettilineo;Una carreggiata a senso unico di marcia;Asciutto;Asfaltata;Assente;Sereno;Normale;Buona;Ore Diurne;0;0;0;3;;;-1;2;Autovettura privata;In marcia / fermata / arresto;Conducente;M;Illeso;0;;Utilizzato;Inesistente
1767530;6;29/06/2008 18:30;Strada Urbana;VIA GABRINO FONDULO;in prossimità;;del civico n. ;101;;Veicolo in marcia contro veicolo in sosta;Rettilineo;Una carreggiata a senso unico di marcia;Asciutto;Asfaltata;Assente;Sereno;Normale;Buona;Ore Diurne;0;0;0;3;;;-1;2;Autovettura privata;In marcia / fermata / arresto;Passeggero;M;Illeso;0;;Non accertato;Inesistente
1767531;7;28/06/2008 19:00;Strada Urbana;VIALE ALESSANDRINO;in prossimità;;del civico n. ;82;;Tamponamento;Rettilineo;Una carreggiata a doppio senso;Asciutto;Asfaltata;Verticale ed orizzontale;Sereno;Normale;Buona;Ore Diurne;0;0;0;2;;;-1;1;Autovettura privata;In marcia / fermata / arresto;Conducente;M;Illeso;0;;Non accertato;Inesploso
1767531;7;28/06/2008 19:00;Strada Urbana;VIALE ALESSANDRINO;in prossimità;;del civico n. ;82;;Tamponamento;Rettilineo;Una carreggiata a doppio senso;Asciutto;Asfaltata;Verticale ed orizzontale;Sereno;Normale;Buona;Ore Diurne;0;0;0;2;;;-1;2;Autovettura privata;In marcia / fermata / arresto;Conducente;M;Illeso;0;;Non accertato;Inesploso
1767532;7;28/06/2008 21:25;Strada Urbana;VIA CASILINA;all'intersezione semaforizzata con;VIALE PALMIRO TOGLIATTI;VIALE PALMIRO TOGLIATTI;;;Scontro laterale fra veicoli in marcia;Incrocio;Due carreggiate;Asciutto;Asfaltata;Verticale ed orizzontale;Sereno;Intenso;Buona;Sufficiente;1;0;0;6;;;-1;1;Autovettura privata;In marcia / fermata / arresto;Conducente;M;Illeso;0;;Non accertato;Inesploso
1767532;7;28/06/2008 21:25;Strada Urbana;VIA CASILINA;all'intersezione semaforizzata con;VIALE PALMIRO TOGLIATTI;VIALE PALMIRO TOGLIATTI;;;Scontro laterale fra veicoli in marcia;Incrocio;Due carreggiate;Asciutto;Asfaltata;Verticale ed orizzontale;Sereno;Intenso;Buona;Sufficiente;1;0;0;6;;;-1;1;Autovettura privata;In marcia / fermata / arresto;Passeggero;M;Illeso;0;;Non accertato;Inesploso
1767532;7;28/06/2008 21:25;Strada Urbana;VIA CASILINA;all'intersezione semaforizzata con;VIALE PALMIRO TOGLIATTI;VIALE PALMIRO TOGLIATTI;;;Scontro laterale fra veicoli in marcia;Incrocio;Due carreggiate;Asciutto;Asfaltata;Verticale ed orizzontale;Sereno;Intenso;Buona;Sufficiente;1;0;0;6;;;-1;1;Autovettura privata;In marcia / fermata / arresto;Passeggero;M;Illeso;0;;Non accertato;Inesploso
1767532;7;28/06/2008 21:25;Strada Urbana;VIA CASILINA;all'intersezione semaforizzata con;VIALE PALMIRO TOGLIATTI;VIALE PALMIRO TOGLIATTI;;;Scontro laterale fra veicoli in marcia;Incrocio;Due carreggiate;Asciutto;Asfaltata;Verticale ed orizzontale;Sereno;Intenso;Buona;Sufficiente;1;0;0;6;;;-1;2;Autovettura privata;In marcia / fermata / arresto;Passeggero;M;Illeso;0;;Non accertato;Inesploso
1767532;7;28/06/2008 21:25;Strada Urbana;VIA CASILINA;all'intersezione semaforizzata con;VIALE PALMIRO TOGLIATTI;VIALE PALMIRO TOGLIATTI;;;Scontro laterale fra veicoli in marcia;Incrocio;Due carreggiate;Asciutto;Asfaltata;Verticale ed orizzontale;Sereno;Intenso;Buona;Sufficiente;1;0;0;6;;;-1;2;Autovettura privata;In marcia / fermata / arresto;Passeggero;M;Illeso;0;;Non accertato;Inesploso
1767532;7;28/06/2008 21:25;Strada Urbana;VIA CASILINA;all'intersezione semaforizzata con;VIALE PALMIRO TOGLIATTI;VIALE PALMIRO TOGLIATTI;;;Scontro laterale fra veicoli in marcia;Incrocio;Due carreggiate;Asciutto;Asfaltata;Verticale ed orizzontale;Sereno;Intenso;Buona;Sufficiente;1;0;0;6;;;-1;2;Autovettura privata;In marcia / fermata / arresto;Passeggero;F;Illeso;0;;Non accertato;Inesploso
1767532;7;28/06/2008 21:25;Strada Urbana;VIA CASILINA;all'intersezione semaforizzata con;VIALE PALMIRO TOGLIATTI;VIALE PALMIRO TOGLIATTI;;;Scontro laterale fra veicoli in marcia;Incrocio;Due carreggiate;Asciutto;Asfaltata;Verticale ed orizzontale;Sereno;Intenso;Buona;Sufficiente;1;0;0;6;;;-1;2;Autovettura privata;In marcia / fermata / arresto;Conducente;F;Rimandato;0;NON DECEDUTO;Non accertato;Inesploso
1767533;7;29/06/2008 00:10;Strada Urbana;VIA DELLE ROBINIE;in prossimità;;del civico n. ;5;;Veicolo in marcia contro veicolo in sosta;Rettilineo;Una carreggiata a doppio senso;Asciutto;Asfaltata;Assente;Sereno;Scarso;Sufficiente;Sufficiente;0;0;0;2;;;-1;1;Veicolo speciale;In marcia / fermata / arresto;Conducente;M;Illeso;0;;Non accertato;Inesploso
1767533;7;29/06/2008 00:10;Strada Urbana;VIA DELLE ROBINIE;in prossimità;;del civico n. ;5;;Veicolo in marcia contro veicolo in sosta;Rettilineo;Una carreggiata a doppio senso;Asciutto;Asfaltata;Assente;Sereno;Scarso;Sufficiente;Sufficiente;0;0;0;2;;;-1;3;Autovettura privata;In marcia / fermata / arresto;Conducente;M;Illeso;0;;Non accertato;Inesploso
1767534;7;29/06/2008 10:00;Strada Urbana;VIALE ALESSANDRINO;in corrispondenza;;del civico n. ;583;;Investimento di pedone;Rettilineo;Una carreggiata a senso unico di marcia;Asciutto;Asfaltata;Assente;Sereno;Scarso;Buona;Ore Diurne;1;0;0;1;;;-1;;;;Pedone;F;Rimandato;0;NON DECEDUTO;;
1767534;7;29/06/2008 10:00;Strada Urbana;VIALE ALESSANDRINO;in corrispondenza;;del civico n. ;583;;Investimento di pedone;Rettilineo;Una carreggiata a senso unico di marcia;Asciutto;Asfaltata;Assente;Sereno;Scarso;Buona;Ore Diurne;1;0;0;1;;;-1;1;Autovettura privata;In marcia / fermata / arresto;Conducente;F;Illeso;0;;Non accertato;Inesistente
1767535;9;27/06/2008 15:10;Strada Urbana;VIA TUSCOLANA;all'intersezione semaforizzata con;VIALE FURIO CAMILLO;VIALE FURIO CAMILLO;;;Scontro laterale fra veicoli in marcia;Intersezione semaforizzata;Una carreggiata a doppio senso;Asciutto;Asfaltata;Verticale ed orizzontale;Sereno;Normale;Buona;Ore Diurne;1;0;0;1;;;-1;1;Motociclo a solo;In marcia / fermata / arresto;Conducente;M;Illeso;0;;Utilizzato;Inesistente