Protocollo;Gruppo;DataOraIncidente;Localizzazione1;STRADA1;Localizzazione2;STRADA2;Strada02;Chilometrica;DaSpecificare;NaturaIncidente;particolaritastrade;TipoStrada;FondoStradale;Pavimentazione;Segnaletica;CondizioneAtmosferica;Traffico;Visibilita;Illuminazione;NUM_FERITI;NUM_RISERVATA;NUM_MORTI;NUM_ILLESI;Longitudine;Latitudine;Confermato;Progressivo;TipoVeicolo;StatoVeicolo;TipoPersona;Sesso;Tipolesione;Deceduto;DecedutoDopo;CinturaCascoUtilizzato;Airbag
1769337;16;13/06/2008 18:00;Strada Urbana;PIAZZALE ENRICO DUNANT;in prossimità;;del civico n. ;1;;Tamponamento;Rettilineo;Una carreggiata a senso unico di marcia;Asciutto;Asfaltata;Verticale ed orizzontale;Sereno;Normale;Buona;Ore Diurne;0;0;0;2;;;-1;1;Autovettura privata;In marcia / fermata / arresto;Conducente;M;Illeso;0;;Non accertato;Inesistente
1769337;16;13/06/2008 18:00;Strada Urbana;PIAZZALE ENRICO DUNANT;in prossimità;;del civico n. ;1;;Tamponamento;Rettilineo;Una carreggiata a senso unico di marcia;Asciutto;Asfaltata;Verticale ed orizzontale;Sereno;Normale;Buona;Ore Diurne;0;0;0;2;;;-1;2;Motociclo a solo;In marcia / fermata / arresto;Conducente;M;Illeso;0;;Non accertato;Inesistente
1769338;16;14/06/2008 06:30;Strada Urbana;VIA DELLA PISANA;in prossimità;;del civico n. ;370;;Veicolo in marcia contro ostacolo fisso;Rettilineo;Una carreggiata a doppio senso;Asciutto;Asfaltata;Orizzontale;Sereno;Scarso;Buona;Ore Diurne;0;0;0;1;;;-1;1;Autovettura privata;In marcia / fermata / arresto;Conducente;M;Illeso;0;;Utilizzato;Inesistente
1769344;17;03/06/2008 08:35;Strada Urbana;PIAZZA ADRIANA;all'intersezione con;VIA TRIBONIANO;VIA TRIBONIANO;;;Scontro frontale/laterale SX fra veicoli in marcia;Intersezione stradale segnalata;Una carreggiata a senso unico di marcia;Bagnato (pioggia);Asfaltata;Verticale ed orizzontale;Pioggia in atto;Normale;Sufficiente;Ore Diurne;0;0;0;2;;;-1;1;Motociclo a solo;In marcia / fermata / arresto;Conducente;M;Illeso;0;;Non accertato;Inesistente
1769344;17;03/06/2008 08:35;Strada Urbana;PIAZZA ADRIANA;all'intersezione con;VIA TRIBONIANO;VIA TRIBONIANO;;;Scontro frontale/laterale SX fra veicoli in marcia;Intersezione stradale segnalata;Una carreggiata a senso unico di marcia;Bagnato (pioggia);Asfaltata;Verticale ed orizzontale;Pioggia in atto;Normale;Sufficiente;Ore Diurne;0;0;0;2;;;-1;2;Autovettura di polizia;In marcia / fermata / arresto;Conducente;M;Illeso;0;;Non accertato;Inesistente
1769345;17;03/06/2008 17:00;Strada Urbana;PIAZZALE CLODIO;in prossimità;;del civico n. ;35;;Veicolo in marcia contro veicolo in sosta;Rettilineo;Più di due carreggiate;Asciutto;Asfaltata;Verticale ed orizzontale;Sereno;Normale;Buona;Ore Diurne;0;0;0;1;;;-1;2;Autovettura privata;In marcia / fermata / arresto;Conducente;M;Illeso;0;;Non accertato;Inesistente
1769346;17;09/06/2008 14:00;Strada Urbana;PIAZZA PIA;da specificare;;;;altezza Borgo Sant'Angelo;Scontro frontale fra veicoli in marcia;Rettilineo;Una carreggiata a senso unico di marcia;Asciutto;Asfaltata;Verticale ed orizzontale;Sereno;Normale;Buona;Ore Diurne;0;0;0;2;;;-1;1;Motociclo con passeggero;In marcia / fermata / arresto;Conducente;M;Illeso;0;;Utilizzato;Inesistente
1769346;17;09/06/2008 14:00;Strada Urbana;PIAZZA PIA;da specificare;;;;altezza Borgo Sant'Angelo;Scontro frontale fra veicoli in marcia;Rettilineo;Una carreggiata a senso unico di marcia;Asciutto;Asfaltata;Verticale ed orizzontale;Sereno;Normale;Buona;Ore Diurne;0;0;0;2;;;-1;2;Autovettura pubblica;In marcia / fermata / arresto;Conducente;M;Illeso;0;;Non accertato;Inesistente
1769347;17;09/06/2008 18:02;Strada Urbana;PIAZZA DEL RISORGIMENTO;all'intersezione con;VIA OTTAVIANO;VIA OTTAVIANO;;;Scontro frontale/laterale SX fra veicoli in marcia;Intersezione stradale segnalata;Una carreggiata a senso unico di marcia;Asciutto;Asfaltata;Verticale ed orizzontale;Sereno;Normale;Buona;Ore Diurne;0;0;0;2;;;-1;1;Autovettura privata;In marcia / fermata / arresto;Conducente;M;Illeso;0;;Non accertato;Inesistente
1769347;17;09/06/2008 18:02;Strada Urbana;PIAZZA DEL RISORGIMENTO;all'intersezione con;VIA OTTAVIANO;VIA OTTAVIANO;;;Scontro frontale/laterale SX fra veicoli in marcia;Intersezione stradale segnalata;Una carreggiata a senso unico di marcia;Asciutto;Asfaltata;Verticale ed orizzontale;Sereno;Normale;Buona;Ore Diurne;0;0;0;2;;;-1;2;Vettura tranviaria;In marcia / fermata / arresto;Conducente;M;Illeso;0;;Esente;Inesistente
1769348;17;12/06/2008 06:10;Strada Urbana;VIALE DELLO STADIO OLIMPICO;da specificare;;;;prossimità VIVAI MARI;Veicolo in marcia contro ostacolo fisso;Curva senza visuale libera;Una carreggiata a senso unico di marcia;Bagnato (pioggia);Asfaltata;Verticale ed orizzontale;Nuvoloso;Normale;Sufficiente;Ore Diurne;0;0;0;1;;;-1;1;Autovettura privata;In marcia / fermata / arresto;Conducente;M;Illeso;0;;Non accertato;Inesistente
1769375;4;19/06/2008 09:35;Strada Urbana;VIA NOMENTANA;da specificare;;;;altezza ponte tangenziale;Scontro laterale fra veicoli in marcia;Rettilineo;Due carreggiate;Asciutto;Asfaltata;Verticale ed orizzontale;Sereno;Normale;Buona;Ore Diurne;0;0;0;2;;;-1;1;Autovettura privata;In marcia / fermata / arresto;Conducente;M;Illeso;0;;Non accertato;Inesistente
1769375;4;19/06/2008 09:35;Strada Urbana;VIA NOMENTANA;da specificare;;;;altezza ponte tangenziale;Scontro laterale fra veicoli in marcia;Rettilineo;Due carreggiate;Asciutto;Asfaltata;Verticale ed orizzontale;Sereno;Normale;Buona;Ore Diurne;0;0;0;2;;;-1;2;Filobus;In marcia / fermata / arresto;Conducente;M;Illeso;0;;Non accertato;Inesistente
1769376;4;21/06/2008;Strada Urbana;LUNGOTEVERE FLAMINIO;in prossimità;;del civico n. ;72;;Tamponamento;Rettilineo;Una carreggiata a doppio senso;Asciutto;Asfaltata;Verticale ed orizzontale;Sereno;Scarso;Buona;Sufficiente;0;0;0;3;;;-1;1;Autovettura privata;In marcia / fermata / arresto;Conducente;F;Illeso;0;;Non accertato;Inesistente
1769376;4;21/06/2008;Strada Urbana;LUNGOTEVERE FLAMINIO;in prossimità;;del civico n. ;72;;Tamponamento;Rettilineo;Una carreggiata a doppio senso;Asciutto;Asfaltata;Verticale ed orizzontale;Sereno;Scarso;Buona;Sufficiente;0;0;0;3;;;-1;1;Autovettura privata;In marcia / fermata / arresto;Passeggero;F;Illeso;0;;Non accertato;Inesistente
1769376;4;21/06/2008;Strada Urbana;LUNGOTEVERE FLAMINIO;in prossimità;;del civico n. ;72;;Tamponamento;Rettilineo;Una carreggiata a doppio senso;Asciutto;Asfaltata;Verticale ed orizzontale;Sereno;Scarso;Buona;Sufficiente;0;0;0;3;;;-1;2;Autovettura privata;In marcia / fermata / arresto;Conducente;M;Illeso;0;;Non accertato;Inesistente
1769377;4;21/06/2008 03:30;Strada Urbana;LARGO VALTOURNANCHE;in prossimità;;del civico n. ;33;;Veicolo in marcia contro veicolo in sosta;Rettilineo;Una carreggiata a senso unico di marcia;Asciutto;Asfaltata;Verticale ed orizzontale;Sereno;Scarso;Sufficiente;Sufficiente;0;0;0;1;;;-1;2;Autovettura privata;In marcia / fermata / arresto;Conducente;M;Illeso;0;;Non accertato;Inesistente
1769378;4;21/06/2008 14:45;Provinciale;VIA NOMENTANA;da specificare;;;;dir. Fonte Nuova ca 50 m. prima rot. Palombarese;Tamponamento;Rettilineo;Una carreggiata a doppio senso;Asciutto;Asfaltata;Orizzontale;Sereno;Normale;Buona;Ore Diurne;0;0;0;3;;;-1;1;Autovettura privata;In marcia / fermata / arresto;Conducente;M;Illeso;0;;Non accertato;Inesistente
1769378;4;21/06/2008 14:45;Provinciale;VIA NOMENTANA;da specificare;;;;dir. Fonte Nuova ca 50 m. prima rot. Palombarese;Tamponamento;Rettilineo;Una carreggiata a doppio senso;Asciutto;Asfaltata;Orizzontale;Sereno;Normale;Buona;Ore Diurne;0;0;0;3;;;-1;2;Autocarro inferiore 35 q.;In marcia / fermata / arresto;Conducente;M;Illeso;0;;Non accertato;Inesistente
1769378;4;21/06/2008 14:45;Provinciale;VIA NOMENTANA;da specificare;;;;dir. Fonte Nuova ca 50 m. prima rot. Palombarese;Tamponamento;Rettilineo;Una carreggiata a doppio senso;Asciutto;Asfaltata;Orizzontale;Sereno;Normale;Buona;Ore Diurne;0;0;0;3;;;-1;2;Autocarro inferiore 35 q.;In marcia / fermata / arresto;Passeggero;M;Illeso;0;;Non accertato;Inesistente
1769379;4;21/06/2008 14:30;Provinciale;VIA NOMENTANA;in prossimità;;della chilometrica ;15,2;;Tamponamento Multiplo;Rettilineo;Una carreggiata a doppio senso;Asciutto;Asfaltata;Orizzontale;Sereno;Intenso;Buona;Ore Diurne;0;0;0;3;;;-1;1;Autovettura privata;In marcia / fermata / arresto;Conducente;M;Illeso;0;;Non accertato;Inesistente
1769379;4;21/06/2008 14:30;Provinciale;VIA NOMENTANA;in prossimità;;della chilometrica ;15,2;;Tamponamento Multiplo;Rettilineo;Una carreggiata a doppio senso;Asciutto;Asfaltata;Orizzontale;Sereno;Intenso;Buona;Ore Diurne;0;0;0;3;;;-1;2;Autovettura privata;In marcia / fermata / arresto;Conducente;F;Illeso;0;;Non accertato;Inesistente
1769379;4;21/06/2008 14:30;Provinciale;VIA NOMENTANA;in prossimità;;della chilometrica ;15,2;;Tamponamento Multiplo;Rettilineo;Una carreggiata a doppio senso;Asciutto;Asfaltata;Orizzontale;Sereno;Intenso;Buona;Ore Diurne;0;0;0;3;;;-1;3;Autovettura privata;In marcia / fermata / arresto;Conducente;M;Illeso;0;;Non accertato;Inesistente
1769429;11;28/06/2008 09:30;Strada Urbana;VIA DUCCIO DI BUONINSEGNA;in prossimità;;del civico n. ;63;;Tamponamento;Rettilineo;Una carreggiata a doppio senso;Asciutto;Asfaltata;Verticale;Sereno;Normale;Buona;Ore Diurne;0;0;0;5;;;-1;1;Autovettura privata;In marcia / fermata / arresto;Conducente;F;Illeso;0;;Non accertato;Inesploso
1769429;11;28/06/2008 09:30;Strada Urbana;VIA DUCCIO DI BUONINSEGNA;in prossimità;;del civico n. ;63;;Tamponamento;Rettilineo;Una carreggiata a doppio senso;Asciutto;Asfaltata;Verticale;Sereno;Normale;Buona;Ore Diurne;0;0;0;5;;;-1;2;Autovettura privata;In marcia / fermata / arresto;Conducente;F;Illeso;0;;Non accertato;Inesploso
1769429;11;28/06/2008 09:30;Strada Urbana;VIA DUCCIO DI BUONINSEGNA;in prossimità;;del civico n. ;63;;Tamponamento;Rettilineo;Una carreggiata a doppio senso;Asciutto;Asfaltata;Verticale;Sereno;Normale;Buona;Ore Diurne;0;0;0;5;;;-1;3;Autovettura privata;In marcia / fermata / arresto;Conducente;M;Illeso;0;;Non accertato;Inesploso
1769429;11;28/06/2008 09:30;Strada Urbana;VIA DUCCIO DI BUONINSEGNA;in prossimità;;del civico n. ;63;;Tamponamento;Rettilineo;Una carreggiata a doppio senso;Asciutto;Asfaltata;Verticale;Sereno;Normale;Buona;Ore Diurne;0;0;0;5;;;-1;3;Autovettura privata;In marcia / fermata / arresto;Passeggero;F;Illeso;0;;Non accertato;Inesistente
1769429;11;28/06/2008 09:30;Strada Urbana;VIA DUCCIO DI BUONINSEGNA;in prossimità;;del civico n. ;63;;Tamponamento;Rettilineo;Una carreggiata a doppio senso;Asciutto;Asfaltata;Verticale;Sereno;Normale;Buona;Ore Diurne;0;0;0;5;;;-1;3;Autovettura privata;In marcia / fermata / arresto;Passeggero;M;Illeso;0;;Non accertato;Inesistente
1769430;11;28/06/2008 10:40;Strada Urbana;VIA OSTIENSE;all'intersezione semaforizzata con;VIA VALCO DI S. PAOLO;VIA VALCO DI S. PAOLO;;;Scontro laterale fra veicoli in marcia;Intersezione semaforizzata;Una carreggiata a doppio senso;Asciutto;Asfaltata;Verticale ed orizzontale;Sereno;Normale;Buona;Ore Diurne;0;0;0;2;;;-1;1;Motociclo a solo;In marcia / fermata / arresto;Conducente;M;Illeso;0;;Non accertato;Inesistente
1769430;11;28/06/2008 10:40;Strada Urbana;VIA OSTIENSE;all'intersezione semaforizzata con;VIA VALCO DI S. PAOLO;VIA VALCO DI S. PAOLO;;;Scontro laterale fra veicoli in marcia;Intersezione semaforizzata;Una carreggiata a doppio senso;Asciutto;Asfaltata;Verticale ed orizzontale;Sereno;Normale;Buona;Ore Diurne;0;0;0;2;;;-1;2;Autovettura privata;In marcia / fermata / arresto;Conducente;M;Illeso;0;;Utilizzato;Inesploso
1769431;11;29/06/2008 01:30;Strada Urbana;VIA COSTANTINO;all'intersezione con;VIA CRISTOFORO COLOMBO;VIA CRISTOFORO COLOMBO;;;Scontro laterale fra veicoli in marcia;Intersezione stradale segnalata;Una carreggiata a senso unico di marcia;Asciutto;Asfaltata;Verticale ed orizzontale;Sereno;Normale;Sufficiente;Sufficiente;0;0;0;3;;;-1;1;Autovettura privata;In marcia / fermata / arresto;Conducente;M;Illeso;0;;Utilizzato;Inesistente
1769431;11;29/06/2008 01:30;Strada Urbana;VIA COSTANTINO;all'intersezione con;VIA CRISTOFORO COLOMBO;VIA CRISTOFORO COLOMBO;;;Scontro laterale fra veicoli in marcia;Intersezione stradale segnalata;Una carreggiata a senso unico di marcia;Asciutto;Asfaltata;Verticale ed orizzontale;Sereno;Normale;Sufficiente;Sufficiente;0;0;0;3;;;-1;1;Autovettura privata;In marcia / fermata / arresto;Passeggero;M;Illeso;0;;Non accertato;Inesistente
1769431;11;29/06/2008 01:30;Strada Urbana;VIA COSTANTINO;all'intersezione con;VIA CRISTOFORO COLOMBO;VIA CRISTOFORO COLOMBO;;;Scontro laterale fra veicoli in marcia;Intersezione stradale segnalata;Una carreggiata a senso unico di marcia;Asciutto;Asfaltata;Verticale ed orizzontale;Sereno;Normale;Sufficiente;Sufficiente;0;0;0;3;;;-1;2;Autovettura privata;In marcia / fermata / arresto;Conducente;M;Illeso;0;;Utilizzato;Inesploso
1769432;11;29/06/2008 08:30;Strada Urbana;VIA ARDEATINA;all'intersezione con;VIA DI TOR PAGNOTTA;VIA DI TOR PAGNOTTA;;;Scontro frontale fra veicoli in marcia;Intersezione stradale segnalata;Una carreggiata a doppio senso;Asciutto;Asfaltata;Verticale ed orizzontale;Sereno;Scarso;Buona;Ore Diurne;1;0;0;2;;;-1;1;Autovettura privata;In marcia / fermata / arresto;Conducente;M;Illeso;0;;Non accertato;Inesistente
1769432;11;29/06/2008 08:30;Strada Urbana;VIA ARDEATINA;all'intersezione con;VIA DI TOR PAGNOTTA;VIA DI TOR PAGNOTTA;;;Scontro frontale fra veicoli in marcia;Intersezione stradale segnalata;Una carreggiata a doppio senso;Asciutto;Asfaltata;Verticale ed orizzontale;Sereno;Scarso;Buona;Ore Diurne;1;0;0;2;;;-1;1;Autovettura privata;In marcia / fermata / arresto;Passeggero;F;Rimandato;0;NON DECEDUTO;Non accertato;Inesistente
1769432;11;29/06/2008 08:30;Strada Urbana;VIA ARDEATINA;all'intersezione con;VIA DI TOR PAGNOTTA;VIA DI TOR PAGNOTTA;;;Scontro frontale fra veicoli in marcia;Intersezione stradale segnalata;Una carreggiata a doppio senso;Asciutto;Asfaltata;Verticale ed orizzontale;Sereno;Scarso;Buona;Ore Diurne;1;0;0;2;;;-1;2;Autovettura privata;In marcia / fermata / arresto;Conducente;M;Illeso;0;;Non accertato;Inesistente
1769434;11;30/06/2008 17:30;Strada Urbana;VIALE GIUSTINIANO IMPERATORE;all'intersezione con;VIA GALBA;VIA GALBA;;;Scontro frontale/laterale SX fra veicoli in marcia;Incrocio;Due carreggiate;Asciutto;Asfaltata;Verticale ed orizzontale;Sereno;Normale;Buona;Ore Diurne;0;0;0;3;;;-1;1;Autocarro inferiore 35 q.;In marcia / fermata / arresto;Conducente;M;Illeso;0;;Utilizzato;Inesistente
1769434;11;30/06/2008 17:30;Strada Urbana;VIALE GIUSTINIANO IMPERATORE;all'intersezione con;VIA GALBA;VIA GALBA;;;Scontro frontale/laterale SX fra veicoli in marcia;Incrocio;Due carreggiate;Asciutto;Asfaltata;Verticale ed orizzontale;Sereno;Normale;Buona;Ore Diurne;0;0;0;3;;;-1;2;Autovettura privata;In marcia / fermata / arresto;Conducente;F;Illeso;0;;Utilizzato;Inesploso
1769434;11;30/06/2008 17:30;Strada Urbana;VIALE GIUSTINIANO IMPERATORE;all'intersezione con;VIA GALBA;VIA GALBA;;;Scontro frontale/laterale SX fra veicoli in marcia;Incrocio;Due carreggiate;Asciutto;Asfaltata;Verticale ed orizzontale;Sereno;Normale;Buona;Ore Diurne;0;0;0;3;;;-1;2;Autovettura privata;In marcia / fermata / arresto;Passeggero;F;Illeso;0;;Utilizzato;Inesistente
1769447;16;13/06/2008 09:10;Strada Urbana;VIALE DI TRASTEVERE;in prossimità;;del civico n. ;327;;Scontro laterale fra veicoli in marcia;Rettilineo;Più di due carreggiate;Asciutto;Asfaltata;Verticale ed orizzontale;Sereno;Intenso;Buona;Ore Diurne;0;0;0;3;;;-1;1;Motociclo a solo;In marcia / fermata / arresto;Conducente;M;Illeso;0;;Non accertato;Inesistente
1769447;16;13/06/2008 09:10;Strada Urbana;VIALE DI TRASTEVERE;in prossimità;;del civico n. ;327;;Scontro laterale fra veicoli in marcia;Rettilineo;Più di due carreggiate;Asciutto;Asfaltata;Verticale ed orizzontale;Sereno;Intenso;Buona;Ore Diurne;0;0;0;3;;;-1;2;Autovettura privata;In marcia / fermata / arresto;Conducente;M;Illeso;0;;Non accertato;Inesistente
1769447;16;13/06/2008 09:10;Strada Urbana;VIALE DI TRASTEVERE;in prossimità;;del civico n. ;327;;Scontro laterale fra veicoli in marcia;Rettilineo;Più di due carreggiate;Asciutto;Asfaltata;Verticale ed orizzontale;Sereno;Intenso;Buona;Ore Diurne;0;0;0;3;;;-1;2;Autovettura privata;In marcia / fermata / arresto;Passeggero;F;Illeso;0;;Non accertato;Inesistente
1769448;16;14/06/2008 18:00;Strada Urbana;VIALE DEI QUATTRO VENTI;all'intersezione con;VIA FRANCESCO SAVERIO SPROVIERI;VIA FRANCESCO SAVERIO SPROVIERI;;;Scontro laterale fra veicoli in marcia;Incrocio;Una carreggiata a doppio senso;Asciutto;Asfaltata;Verticale ed orizzontale;Sereno;Normale;Buona;Ore Diurne;0;0;0;2;;;-1;1;Autovettura privata;In marcia / fermata / arresto;Conducente;M;Illeso;0;;Non accertato;Inesistente
1769448;16;14/06/2008 18:00;Strada Urbana;VIALE DEI QUATTRO VENTI;all'intersezione con;VIA FRANCESCO SAVERIO SPROVIERI;VIA FRANCESCO SAVERIO SPROVIERI;;;Scontro laterale fra veicoli in marcia;Incrocio;Una carreggiata a doppio senso;Asciutto;Asfaltata;Verticale ed orizzontale;Sereno;Normale;Buona;Ore Diurne;0;0;0;2;;;-1;2;Autovettura privata;In marcia / fermata / arresto;Conducente;M;Illeso;0;;Non accertato;Inesistente
1769449;16;15/06/2008 22:40;Strada Urbana;LARGO CLAUDIO FERMI;da specificare;;;;in prossimità di Viale dei Colli Portuensi;Scontro laterale fra veicoli in marcia;Curva a visuale libera;Una carreggiata a senso unico di marcia;Asciutto;Asfaltata;Verticale ed orizzontale;Sereno;Scarso;Buona;Sufficiente;0;0;0;2;;;-1;1;Autovettura privata;In marcia / fermata / arresto;Conducente;F;Illeso;0;;Non accertato;Inesistente
1769449;16;15/06/2008 22:40;Strada Urbana;LARGO CLAUDIO FERMI;da specificare;;;;in prossimità di Viale dei Colli Portuensi;Scontro laterale fra veicoli in marcia;Curva a visuale libera;Una carreggiata a senso unico di marcia;Asciutto;Asfaltata;Verticale ed orizzontale;Sereno;Scarso;Buona;Sufficiente;0;0;0;2;;;-1;2;Autovettura privata;In marcia / fermata / arresto;Conducente;M;Illeso;0;;Non accertato;Inesistente
1769450;16;17/06/2008 10:30;Strada Urbana;VIALE DEI COLLI PORTUENSI;in corrispondenza;;del civico n. ;187;;Tamponamento;Rettilineo;Due carreggiate;Asciutto;Asfaltata;Assente;Sereno;Normale;Buona;Ore Diurne;0;0;0;3;;;-1;1;Autovettura privata;In marcia / fermata / arresto;Conducente;M;Illeso;0;;Non accertato;Inesistente
1769450;16;17/06/2008 10:30;Strada Urbana;VIALE DEI COLLI PORTUENSI;in corrispondenza;;del civico n. ;187;;Tamponamento;Rettilineo;Due carreggiate;Asciutto;Asfaltata;Assente;Sereno;Normale;Buona;Ore Diurne;0;0;0;3;;;-1;1;Autovettura privata;In marcia / fermata / arresto;Passeggero;M;Illeso;0;;Non accertato;Inesistente
1769450;16;17/06/2008 10:30;Strada Urbana;VIALE DEI COLLI PORTUENSI;in corrispondenza;;del civico n. ;187;;Tamponamento;Rettilineo;Due carreggiate;Asciutto;Asfaltata;Assente;Sereno;Normale;Buona;Ore Diurne;0;0;0;3;;;-1;2;Autovettura privata;In marcia / fermata / arresto;Conducente;F;Illeso;0;;Non accertato;Inesistente
1769451;16;17/06/2008 12:00;Strada Urbana;VIA AURELIA ANTICA;in corrispondenza;;del civico n. ;397;;Scontro laterale fra veicoli in marcia;Rettilineo;Una carreggiata a doppio senso;Bagnato (pioggia);Asfaltata;Verticale ed orizzontale;Pioggia in atto;Normale;Buona;Ore Diurne;0;0;0;3;;;-1;1;Autovettura privata;In marcia / fermata / arresto;Conducente;M;Illeso;0;;Non accertato;Inesistente
1769451;16;17/06/2008 12:00;Strada Urbana;VIA AURELIA ANTICA;in corrispondenza;;del civico n. ;397;;Scontro laterale fra veicoli in marcia;Rettilineo;Una carreggiata a doppio senso;Bagnato (pioggia);Asfaltata;Verticale ed orizzontale;Pioggia in atto;Normale;Buona;Ore Diurne;0;0;0;3;;;-1;1;Autovettura privata;In marcia / fermata / arresto;Passeggero;F;Illeso;0;;Non accertato;Inesistente
1769451;16;17/06/2008 12:00;Strada Urbana;VIA AURELIA ANTICA;in corrispondenza;;del civico n. ;397;;Scontro laterale fra veicoli in marcia;Rettilineo;Una carreggiata a doppio senso;Bagnato (pioggia);Asfaltata;Verticale ed orizzontale;Pioggia in atto;Normale;Buona;Ore Diurne;0;0;0;3;;;-1;2;Autovettura privata;In marcia / fermata / arresto;Conducente;M;Illeso;0;;Non accertato;Inesistente
1769454;17;03/06/2008 22:45;Strada Urbana;VIA DELLA CAMILLUCCIA;da specificare;;;;fronte civico 197;Veicolo in marcia contro veicoli fermi;Rettilineo;Una carreggiata a senso unico di marcia;Asciutto;Asfaltata;Verticale ed orizzontale;Sereno;Scarso;Buona;Sufficiente;0;0;0;1;;;-1;1;Autovettura privata;In marcia / fermata / arresto;Conducente;F;Illeso;0;;Non accertato;Inesistente
1769455;17;04/06/2008 17:30;Strada Urbana;VIA CIPRO;in prossimità;;del civico n. ;8;;Tamponamento Multiplo;Rettilineo;Due carreggiate;Asciutto;Asfaltata;Verticale ed orizzontale;Sereno;Normale;Sufficiente;Ore Diurne;0;0;0;3;;;-1;1;Autovettura privata;In marcia / fermata / arresto;Conducente;F;Illeso;0;;Non accertato;Inesploso
1769455;17;04/06/2008 17:30;Strada Urbana;VIA CIPRO;in prossimità;;del civico n. ;8;;Tamponamento Multiplo;Rettilineo;Due carreggiate;Asciutto;Asfaltata;Verticale ed orizzontale;Sereno;Normale;Sufficiente;Ore Diurne;0;0;0;3;;;-1;2;Autovettura privata;In marcia / fermata / arresto;Conducente;M;Illeso;0;;Non accertato;Inesploso
1769455;17;04/06/2008 17:30;Strada Urbana;VIA CIPRO;in prossimità;;del civico n. ;8;;Tamponamento Multiplo;Rettilineo;Due carreggiate;Asciutto;Asfaltata;Verticale ed orizzontale;Sereno;Normale;Sufficiente;Ore Diurne;0;0;0;3;;;-1;3;Autovettura privata;In marcia / fermata / arresto;Conducente;M;Illeso;0;;Non accertato;Inesploso
1769456;17;04/06/2008 20:25;Strada Urbana;VIALE DELLE MILIZIE;all'intersezione semaforizzata con;PIAZZA DELLE CINQUE GIORNATE;PIAZZA DELLE CINQUE GIORNATE;;;Scontro frontale/laterale SX fra veicoli in marcia;Intersezione semaforizzata;Più di due carreggiate;Asciutto;Asfaltata;Verticale ed orizzontale;Sereno;Scarso;Buona;Ore Diurne;0;0;0;7;;;-1;1;Autovettura privata;In marcia / fermata / arresto;Conducente;M;Illeso;0;;Non accertato;Inesistente
1769456;17;04/06/2008 20:25;Strada Urbana;VIALE DELLE MILIZIE;all'intersezione semaforizzata con;PIAZZA DELLE CINQUE GIORNATE;PIAZZA DELLE CINQUE GIORNATE;;;Scontro frontale/laterale SX fra veicoli in marcia;Intersezione semaforizzata;Più di due carreggiate;Asciutto;Asfaltata;Verticale ed orizzontale;Sereno;Scarso;Buona;Ore Diurne;0;0;0;7;;;-1;1;Autovettura privata;In marcia / fermata / arresto;Passeggero;F;Illeso;0;;Non accertato;Inesploso
1769456;17;04/06/2008 20:25;Strada Urbana;VIALE DELLE MILIZIE;all'intersezione semaforizzata con;PIAZZA DELLE CINQUE GIORNATE;PIAZZA DELLE CINQUE GIORNATE;;;Scontro frontale/laterale SX fra veicoli in marcia;Intersezione semaforizzata;Più di due carreggiate;Asciutto;Asfaltata;Verticale ed orizzontale;Sereno;Scarso;Buona;Ore Diurne;0;0;0;7;;;-1;1;Autovettura privata;In marcia / fermata / arresto;Passeggero;M;Illeso;0;;Non accertato;Inesistente
1769456;17;04/06/2008 20:25;Strada Urbana;VIALE DELLE MILIZIE;all'intersezione semaforizzata con;PIAZZA DELLE CINQUE GIORNATE;PIAZZA DELLE CINQUE GIORNATE;;;Scontro frontale/laterale SX fra veicoli in marcia;Intersezione semaforizzata;Più di due carreggiate;Asciutto;Asfaltata;Verticale ed orizzontale;Sereno;Scarso;Buona;Ore Diurne;0;0;0;7;;;-1;1;Autovettura privata;In marcia / fermata / arresto;Passeggero;M;Illeso;0;;Non accertato;Inesistente
1769456;17;04/06/2008 20:25;Strada Urbana;VIALE DELLE MILIZIE;all'intersezione semaforizzata con;PIAZZA DELLE CINQUE GIORNATE;PIAZZA DELLE CINQUE GIORNATE;;;Scontro frontale/laterale SX fra veicoli in marcia;Intersezione semaforizzata;Più di due carreggiate;Asciutto;Asfaltata;Verticale ed orizzontale;Sereno;Scarso;Buona;Ore Diurne;0;0;0;7;;;-1;2;Autovettura privata;In marcia / fermata / arresto;Conducente;F;Illeso;0;;Non accertato;Inesistente
1769456;17;04/06/2008 20:25;Strada Urbana;VIALE DELLE MILIZIE;all'intersezione semaforizzata con;PIAZZA DELLE CINQUE GIORNATE;PIAZZA DELLE CINQUE GIORNATE;;;Scontro frontale/laterale SX fra veicoli in marcia;Intersezione semaforizzata;Più di due carreggiate;Asciutto;Asfaltata;Verticale ed orizzontale;Sereno;Scarso;Buona;Ore Diurne;0;0;0;7;;;-1;2;Autovettura privata;In marcia / fermata / arresto;Passeggero;F;Illeso;0;;Non accertato;Inesistente