Protocollo;Gruppo;DataOraIncidente;Localizzazione1;STRADA1;Localizzazione2;STRADA2;Strada02;Chilometrica;DaSpecificare;NaturaIncidente;particolaritastrade;TipoStrada;FondoStradale;Pavimentazione;Segnaletica;CondizioneAtmosferica;Traffico;Visibilita;Illuminazione;NUM_FERITI;NUM_RISERVATA;NUM_MORTI;NUM_ILLESI;Longitudine;Latitudine;Confermato;Progressivo;TipoVeicolo;StatoVeicolo;TipoPersona;Sesso;Tipolesione;Deceduto;DecedutoDopo;CinturaCascoUtilizzato;Airbag
1775710;17;05/06/2008 12:45;Strada Urbana;VIALE GIULIO CESARE;all'intersezione semaforizzata con;VIA CARLO ALBERTO DALLA CHIESA;VIA CARLO ALBERTO DALLA CHIESA;;;Scontro laterale fra veicoli in marcia;Intersezione semaforizzata;Una carreggiata a doppio senso;Asciutto;Asfaltata;Verticale ed orizzontale;Sereno;Normale;Buona;Ore Diurne;1;0;0;1;;;-1;1;Autovettura privata;In marcia / fermata / arresto;Conducente;M;Illeso;0;;Non accertato;Inesistente
1775710;17;05/06/2008 12:45;Strada Urbana;VIALE GIULIO CESARE;all'intersezione semaforizzata con;VIA CARLO ALBERTO DALLA CHIESA;VIA CARLO ALBERTO DALLA CHIESA;;;Scontro laterale fra veicoli in marcia;Intersezione semaforizzata;Una carreggiata a doppio senso;Asciutto;Asfaltata;Verticale ed orizzontale;Sereno;Normale;Buona;Ore Diurne;1;0;0;1;;;-1;2;Motociclo a solo;In marcia / fermata / arresto;Conducente;M;Ricoverato;0;NON DECEDUTO;Non accertato;Inesistente
1775711;17;06/06/2008;Strada Urbana;PIAZZALE MARESCIALLO GIARDINO;da specificare;;;;via dello stadio olimpico;Infortunio per caduta del veicolo;Pendenza;Più di due carreggiate;Asciutto;Asfaltata;Verticale ed orizzontale;Sereno;Intenso;Buona;Ore Diurne;1;0;0;0;;;-1;1;Motociclo a solo;In marcia / fermata / arresto;Conducente;M;Rimandato;0;NON DECEDUTO;Non accertato;Inesistente
1775712;17;06/06/2008 10:05;Strada Urbana;VIA TRIONFALE;all'intersezione con;VIA TOMMASO CAMPANELLA;VIA TOMMASO CAMPANELLA;;;Scontro frontale/laterale DX fra veicoli in marcia;Intersezione stradale segnalata;Una carreggiata a senso unico di marcia;Asciutto;Asfaltata;Verticale ed orizzontale;Sereno;Normale;Buona;Ore Diurne;1;0;0;1;;;-1;1;Motociclo a solo;In marcia / fermata / arresto;Conducente;M;Illeso;0;;Non accertato;Inesistente
1775712;17;06/06/2008 10:05;Strada Urbana;VIA TRIONFALE;all'intersezione con;VIA TOMMASO CAMPANELLA;VIA TOMMASO CAMPANELLA;;;Scontro frontale/laterale DX fra veicoli in marcia;Intersezione stradale segnalata;Una carreggiata a senso unico di marcia;Asciutto;Asfaltata;Verticale ed orizzontale;Sereno;Normale;Buona;Ore Diurne;1;0;0;1;;;-1;2;Motociclo a solo;In marcia / fermata / arresto;Conducente;M;Rifiuta cure immediate;0;NON DECEDUTO;Non accertato;Inesistente
1775713;17;06/06/2008 13:30;Strada Urbana;VIA VITTOR PISANI;all'intersezione con;VIA FRANCESCO CARACCIOLO;VIA FRANCESCO CARACCIOLO;;;Scontro frontale/laterale SX fra veicoli in marcia;Incrocio;Una carreggiata a doppio senso;Asciutto;Asfaltata;Orizzontale;Nuvoloso;Scarso;Buona;Ore Diurne;0;0;0;2;;;-1;1;Motociclo a solo;In marcia / fermata / arresto;Conducente;M;Illeso;0;;Utilizzato;Inesistente
1775713;17;06/06/2008 13:30;Strada Urbana;VIA VITTOR PISANI;all'intersezione con;VIA FRANCESCO CARACCIOLO;VIA FRANCESCO CARACCIOLO;;;Scontro frontale/laterale SX fra veicoli in marcia;Incrocio;Una carreggiata a doppio senso;Asciutto;Asfaltata;Orizzontale;Nuvoloso;Scarso;Buona;Ore Diurne;0;0;0;2;;;-1;2;Autovettura privata;In marcia / fermata / arresto;Conducente;F;Illeso;0;;Non accertato;Inesistente
1775714;17;07/06/2008 16:15;Strada Urbana;VIALE GIUSEPPE MAZZINI;da specificare;;;;in prossimità di via Montesanto;Scontro frontale/laterale SX fra veicoli in marcia;Rettilineo;Due carreggiate;Asciutto;Asfaltata;Verticale ed orizzontale;Sereno;Normale;Buona;Ore Diurne;1;0;0;1;;;-1;1;Autovettura privata;In marcia / fermata / arresto;Conducente;M;Illeso;0;;Non accertato;Inesistente
1775714;17;07/06/2008 16:15;Strada Urbana;VIALE GIUSEPPE MAZZINI;da specificare;;;;in prossimità di via Montesanto;Scontro frontale/laterale SX fra veicoli in marcia;Rettilineo;Due carreggiate;Asciutto;Asfaltata;Verticale ed orizzontale;Sereno;Normale;Buona;Ore Diurne;1;0;0;1;;;-1;2;Motociclo a solo;In marcia / fermata / arresto;Conducente;M;Rimandato;0;NON DECEDUTO;Non accertato;Inesistente
1775821;17;07/06/2008 13:30;Strada Urbana;PIAZZALE CLODIO;all'intersezione semaforizzata con;VIALE GIUSEPPE MAZZINI;VIALE GIUSEPPE MAZZINI;;;Scontro frontale/laterale SX fra veicoli in marcia;Intersezione semaforizzata;Due carreggiate;Asciutto;Asfaltata;Verticale ed orizzontale;Sereno;Normale;Buona;Ore Diurne;1;0;0;1;;;-1;1;Autocarro inferiore 35 q.;In marcia / fermata / arresto;Conducente;M;Illeso;0;;Non accertato;Inesistente
1775821;17;07/06/2008 13:30;Strada Urbana;PIAZZALE CLODIO;all'intersezione semaforizzata con;VIALE GIUSEPPE MAZZINI;VIALE GIUSEPPE MAZZINI;;;Scontro frontale/laterale SX fra veicoli in marcia;Intersezione semaforizzata;Due carreggiate;Asciutto;Asfaltata;Verticale ed orizzontale;Sereno;Normale;Buona;Ore Diurne;1;0;0;1;;;-1;2;Ciclomotore;In marcia / fermata / arresto;Conducente;M;Rimandato;0;NON DECEDUTO;Non accertato;Inesistente
1775822;17;07/06/2008 21:00;Strada Urbana;VIA TACITO;all'intersezione con;VIA CASSIODORO;VIA CASSIODORO;;;Scontro frontale/laterale DX fra veicoli in marcia;Incrocio;Una carreggiata a senso unico di marcia;Asciutto;Acciotolata;Verticale ed orizzontale;Nuvoloso;Scarso;Buona;Sufficiente;1;0;0;2;;;-1;1;Quadriciclo leggero;In marcia / fermata / arresto;Conducente;M;Illeso;0;;Non accertato;Inesistente
1775822;17;07/06/2008 21:00;Strada Urbana;VIA TACITO;all'intersezione con;VIA CASSIODORO;VIA CASSIODORO;;;Scontro frontale/laterale DX fra veicoli in marcia;Incrocio;Una carreggiata a senso unico di marcia;Asciutto;Acciotolata;Verticale ed orizzontale;Nuvoloso;Scarso;Buona;Sufficiente;1;0;0;2;;;-1;1;Quadriciclo leggero;In marcia / fermata / arresto;Passeggero;F;Rimandato;0;NON DECEDUTO;Non accertato;Inesistente
1775822;17;07/06/2008 21:00;Strada Urbana;VIA TACITO;all'intersezione con;VIA CASSIODORO;VIA CASSIODORO;;;Scontro frontale/laterale DX fra veicoli in marcia;Incrocio;Una carreggiata a senso unico di marcia;Asciutto;Acciotolata;Verticale ed orizzontale;Nuvoloso;Scarso;Buona;Sufficiente;1;0;0;2;;;-1;2;Autovettura privata;In marcia / fermata / arresto;Conducente;M;Illeso;0;;Non accertato;Inesistente
1775905;16;19/06/2008 17:30;Strada Urbana;VIALE ISACCO NEWTON;in prossimità;;del civico n. ;51;;Tamponamento Multiplo;Rettilineo;Due carreggiate;Asciutto;Asfaltata;Verticale ed orizzontale;Sereno;Normale;Buona;Ore Diurne;1;0;0;2;;;-1;1;Autovettura privata;In marcia / fermata / arresto;Conducente;M;Illeso;0;;Non accertato;Inesistente
1775905;16;19/06/2008 17:30;Strada Urbana;VIALE ISACCO NEWTON;in prossimità;;del civico n. ;51;;Tamponamento Multiplo;Rettilineo;Due carreggiate;Asciutto;Asfaltata;Verticale ed orizzontale;Sereno;Normale;Buona;Ore Diurne;1;0;0;2;;;-1;2;Motociclo con passeggero;In marcia / fermata / arresto;Conducente;M;Rimandato;0;NON DECEDUTO;Non accertato;Inesistente
1775905;16;19/06/2008 17:30;Strada Urbana;VIALE ISACCO NEWTON;in prossimità;;del civico n. ;51;;Tamponamento Multiplo;Rettilineo;Due carreggiate;Asciutto;Asfaltata;Verticale ed orizzontale;Sereno;Normale;Buona;Ore Diurne;1;0;0;2;;;-1;3;Autovettura privata;In marcia / fermata / arresto;Conducente;M;Illeso;0;;Non accertato;Inesistente
1775906;16;20/06/2008 10:30;Strada Urbana;LARGO GIUSEPPE LETI;all'intersezione con;VIA GUIDO GUINIZELLI;VIA GUIDO GUINIZELLI;;;Veicolo in marcia contro veicoli fermi;Incrocio;Una carreggiata a senso unico di marcia;Asciutto;Asfaltata;Orizzontale;Sereno;Normale;Buona;Ore Diurne;1;0;0;1;;;-1;3;Autovettura privata;In marcia / fermata / arresto;Conducente;F;Rimandato;0;NON DECEDUTO;Non accertato;Inesistente
1775906;16;20/06/2008 10:30;Strada Urbana;LARGO GIUSEPPE LETI;all'intersezione con;VIA GUIDO GUINIZELLI;VIA GUIDO GUINIZELLI;;;Veicolo in marcia contro veicoli fermi;Incrocio;Una carreggiata a senso unico di marcia;Asciutto;Asfaltata;Orizzontale;Sereno;Normale;Buona;Ore Diurne;1;0;0;1;;;-1;4;Autovettura privata;Sosta;Conducente;M;Illeso;0;;Non accertato;Inesistente
1775907;16;20/06/2008 20:50;Strada Urbana;VIA DI VILLA TROILI;all'intersezione con;VIA DEGLI ALDOBRANDESCHI;VIA DEGLI ALDOBRANDESCHI;;;Scontro laterale fra veicoli in marcia;Incrocio;Due carreggiate;Asciutto;Asfaltata;Verticale ed orizzontale;Sereno;Normale;Sufficiente;Insufficiente;1;0;0;1;;;-1;1;Ciclomotore;In marcia / fermata / arresto;Conducente;M;Ricoverato;0;NON DECEDUTO;Non accertato;Inesistente
1775907;16;20/06/2008 20:50;Strada Urbana;VIA DI VILLA TROILI;all'intersezione con;VIA DEGLI ALDOBRANDESCHI;VIA DEGLI ALDOBRANDESCHI;;;Scontro laterale fra veicoli in marcia;Incrocio;Due carreggiate;Asciutto;Asfaltata;Verticale ed orizzontale;Sereno;Normale;Sufficiente;Insufficiente;1;0;0;1;;;-1;2;Autovettura privata;In marcia / fermata / arresto;Conducente;M;Illeso;0;;Non accertato;Inesistente
1775916;17;07/06/2008 17:50;Strada Urbana;PIAZZALE CLODIO;da specificare;;;;altezza via Golametto;Tamponamento;Rettilineo;Una carreggiata a senso unico di marcia;Asciutto;Asfaltata;Verticale ed orizzontale;Sereno;Normale;Buona;Ore Diurne;1;0;0;2;;;-1;1;Autovettura privata;In marcia / fermata / arresto;Conducente;M;Rimandato;0;NON DECEDUTO;Non accertato;Inesistente
1775916;17;07/06/2008 17:50;Strada Urbana;PIAZZALE CLODIO;da specificare;;;;altezza via Golametto;Tamponamento;Rettilineo;Una carreggiata a senso unico di marcia;Asciutto;Asfaltata;Verticale ed orizzontale;Sereno;Normale;Buona;Ore Diurne;1;0;0;2;;;-1;2;Autovettura privata;In marcia / fermata / arresto;Conducente;M;Illeso;0;;Non accertato;Inesistente
1775916;17;07/06/2008 17:50;Strada Urbana;PIAZZALE CLODIO;da specificare;;;;altezza via Golametto;Tamponamento;Rettilineo;Una carreggiata a senso unico di marcia;Asciutto;Asfaltata;Verticale ed orizzontale;Sereno;Normale;Buona;Ore Diurne;1;0;0;2;;;-1;2;Autovettura privata;In marcia / fermata / arresto;Passeggero;F;Illeso;0;;Non accertato;Inesistente
1775917;17;09/06/2008 00:15;Strada Urbana;VIALE DELLE MILIZIE;all'intersezione semaforizzata con;VIALE ANGELICO;VIALE ANGELICO;;;Scontro frontale/laterale DX fra veicoli in marcia;Intersezione semaforizzata;Più di due carreggiate;Bagnato (pioggia);Asfaltata;Verticale ed orizzontale;Nuvoloso;Scarso;Buona;Sufficiente;0;0;0;4;;;-1;1;Autovettura privata;In marcia / fermata / arresto;Conducente;F;Illeso;0;;Non accertato;Inesistente
1775917;17;09/06/2008 00:15;Strada Urbana;VIALE DELLE MILIZIE;all'intersezione semaforizzata con;VIALE ANGELICO;VIALE ANGELICO;;;Scontro frontale/laterale DX fra veicoli in marcia;Intersezione semaforizzata;Più di due carreggiate;Bagnato (pioggia);Asfaltata;Verticale ed orizzontale;Nuvoloso;Scarso;Buona;Sufficiente;0;0;0;4;;;-1;2;Autovettura privata;In marcia / fermata / arresto;Conducente;M;Illeso;0;;Non accertato;Inesistente
1775917;17;09/06/2008 00:15;Strada Urbana;VIALE DELLE MILIZIE;all'intersezione semaforizzata con;VIALE ANGELICO;VIALE ANGELICO;;;Scontro frontale/laterale DX fra veicoli in marcia;Intersezione semaforizzata;Più di due carreggiate;Bagnato (pioggia);Asfaltata;Verticale ed orizzontale;Nuvoloso;Scarso;Buona;Sufficiente;0;0;0;4;;;-1;2;Autovettura privata;In marcia / fermata / arresto;Passeggero;F;Illeso;0;;Non accertato;Inesistente
1775917;17;09/06/2008 00:15;Strada Urbana;VIALE DELLE MILIZIE;all'intersezione semaforizzata con;VIALE ANGELICO;VIALE ANGELICO;;;Scontro frontale/laterale DX fra veicoli in marcia;Intersezione semaforizzata;Più di due carreggiate;Bagnato (pioggia);Asfaltata;Verticale ed orizzontale;Nuvoloso;Scarso;Buona;Sufficiente;0;0;0;4;;;-1;2;Autovettura privata;In marcia / fermata / arresto;Passeggero;F;Illeso;0;;Non accertato;Inesistente
1775918;17;09/06/2008 23:00;Strada Urbana;VIALE DEI BASTIONI DI MICHELANGELO;all'intersezione con;PIAZZA DEL RISORGIMENTO;PIAZZA DEL RISORGIMENTO;;;Scontro frontale/laterale SX fra veicoli in marcia;Intersezione non regolata/non segnalata;Una carreggiata a doppio senso;Asciutto;Asfaltata;Verticale ed orizzontale;Sereno;Normale;Sufficiente;Sufficiente;1;0;0;1;;;-1;1;Autovettura privata;In marcia / fermata / arresto;Conducente;M;Illeso;0;;Non accertato;Inesistente
1775918;17;09/06/2008 23:00;Strada Urbana;VIALE DEI BASTIONI DI MICHELANGELO;all'intersezione con;PIAZZA DEL RISORGIMENTO;PIAZZA DEL RISORGIMENTO;;;Scontro frontale/laterale SX fra veicoli in marcia;Intersezione non regolata/non segnalata;Una carreggiata a doppio senso;Asciutto;Asfaltata;Verticale ed orizzontale;Sereno;Normale;Sufficiente;Sufficiente;1;0;0;1;;;-1;2;Ciclomotore;In marcia / fermata / arresto;Conducente;F;Rimandato;0;NON DECEDUTO;Non accertato;Inesistente
1775919;17;10/06/2008 05:55;Strada Urbana;VIALE DELLE MEDAGLIE D'ORO;all'intersezione semaforizzata con;VIA LUIGI RIZZO;VIA LUIGI RIZZO;;;Scontro frontale/laterale SX fra veicoli in marcia;Intersezione semaforizzata;Una carreggiata a doppio senso;Asciutto;Asfaltata;Verticale ed orizzontale;Sereno;Scarso;Buona;Ore Diurne;1;0;0;1;;;-1;1;Autovettura privata;In marcia / fermata / arresto;Conducente;M;Illeso;0;;Non accertato;Inesistente
1775919;17;10/06/2008 05:55;Strada Urbana;VIALE DELLE MEDAGLIE D'ORO;all'intersezione semaforizzata con;VIA LUIGI RIZZO;VIA LUIGI RIZZO;;;Scontro frontale/laterale SX fra veicoli in marcia;Intersezione semaforizzata;Una carreggiata a doppio senso;Asciutto;Asfaltata;Verticale ed orizzontale;Sereno;Scarso;Buona;Ore Diurne;1;0;0;1;;;-1;2;Motociclo a solo;In marcia / fermata / arresto;Conducente;F;Rimandato;0;NON DECEDUTO;Non accertato;Inesistente
1775920;17;10/06/2008 15:30;Strada Urbana;PIAZZALE DEGLI EROI;all'intersezione semaforizzata con;VIALE DELLE MEDAGLIE D'ORO;VIALE DELLE MEDAGLIE D'ORO;;;Scontro laterale fra veicoli in marcia;Intersezione semaforizzata;Più di due carreggiate;Asciutto;Asfaltata;Verticale ed orizzontale;Sereno;Normale;Buona;Ore Diurne;1;0;0;1;;;-1;1;Motociclo a solo;In marcia / fermata / arresto;Conducente;M;Rimandato;0;NON DECEDUTO;Non accertato;Inesistente
1775920;17;10/06/2008 15:30;Strada Urbana;PIAZZALE DEGLI EROI;all'intersezione semaforizzata con;VIALE DELLE MEDAGLIE D'ORO;VIALE DELLE MEDAGLIE D'ORO;;;Scontro laterale fra veicoli in marcia;Intersezione semaforizzata;Più di due carreggiate;Asciutto;Asfaltata;Verticale ed orizzontale;Sereno;Normale;Buona;Ore Diurne;1;0;0;1;;;-1;2;Motociclo a solo;In marcia / fermata / arresto;Conducente;M;Illeso;0;;Non accertato;Inesistente
1775921;17;11/06/2008 08:55;Strada Urbana;VIALE GIULIO CESARE;in prossimità;;del civico n. ;25;;Scontro laterale fra veicoli in marcia;Rettilineo;Più di due carreggiate;Asciutto;Asfaltata;Verticale ed orizzontale;Nuvoloso;Intenso;Buona;Ore Diurne;0;0;0;2;;;-1;1;Autovettura privata;In marcia / fermata / arresto;Conducente;M;Illeso;0;;Non accertato;Inesistente
1775921;17;11/06/2008 08:55;Strada Urbana;VIALE GIULIO CESARE;in prossimità;;del civico n. ;25;;Scontro laterale fra veicoli in marcia;Rettilineo;Più di due carreggiate;Asciutto;Asfaltata;Verticale ed orizzontale;Nuvoloso;Intenso;Buona;Ore Diurne;0;0;0;2;;;-1;2;Ciclomotore;In marcia / fermata / arresto;Conducente;F;Illeso;0;;Non accertato;Inesistente
1775998;16;20/06/2008 09:10;Strada Urbana;VIA VIRGINIA AGNELLI;in prossimità;;del civico n. ;24;;Investimento di pedone;Rettilineo;Due carreggiate;Asciutto;Asfaltata;Verticale ed orizzontale;Sereno;Normale;Buona;Ore Diurne;1;0;0;1;;;-1;;;;Pedone;F;Rimandato;0;NON DECEDUTO;;
1775998;16;20/06/2008 09:10;Strada Urbana;VIA VIRGINIA AGNELLI;in prossimità;;del civico n. ;24;;Investimento di pedone;Rettilineo;Due carreggiate;Asciutto;Asfaltata;Verticale ed orizzontale;Sereno;Normale;Buona;Ore Diurne;1;0;0;1;;;-1;1;Autovettura privata;In marcia / fermata / arresto;Conducente;M;Illeso;0;;Non accertato;Inesistente
1775999;16;22/06/2008 04:00;Strada Urbana;VIA BERNARDINO PASSERI;all'intersezione con;VIA GIOVANNI DA CASTEL BOLOGNESE;VIA GIOVANNI DA CASTEL BOLOGNESE;;;Scontro frontale/laterale SX fra veicoli in marcia;Incrocio;Una carreggiata a senso unico di marcia;Asciutto;Asfaltata;Verticale ed orizzontale;Sereno;Normale;Sufficiente;Sufficiente;2;0;0;1;;;-1;1;Autovettura privata;In marcia / fermata / arresto;Conducente;M;Illeso;0;;Non accertato;Inesistente
1775999;16;22/06/2008 04:00;Strada Urbana;VIA BERNARDINO PASSERI;all'intersezione con;VIA GIOVANNI DA CASTEL BOLOGNESE;VIA GIOVANNI DA CASTEL BOLOGNESE;;;Scontro frontale/laterale SX fra veicoli in marcia;Incrocio;Una carreggiata a senso unico di marcia;Asciutto;Asfaltata;Verticale ed orizzontale;Sereno;Normale;Sufficiente;Sufficiente;2;0;0;1;;;-1;2;Ciclomotore;In marcia / fermata / arresto;Conducente;M;Rimandato;0;NON DECEDUTO;Non accertato;Inesistente
1775999;16;22/06/2008 04:00;Strada Urbana;VIA BERNARDINO PASSERI;all'intersezione con;VIA GIOVANNI DA CASTEL BOLOGNESE;VIA GIOVANNI DA CASTEL BOLOGNESE;;;Scontro frontale/laterale SX fra veicoli in marcia;Incrocio;Una carreggiata a senso unico di marcia;Asciutto;Asfaltata;Verticale ed orizzontale;Sereno;Normale;Sufficiente;Sufficiente;2;0;0;1;;;-1;2;Ciclomotore;In marcia / fermata / arresto;Passeggero;M;Ricoverato;0;NON DECEDUTO;Non accertato;Inesistente
1776005;17;12/06/2008 13:55;Strada Urbana;VIA VITTORIA COLONNA;all'intersezione con;VIA DEGLI SCIPIONI;VIA DEGLI SCIPIONI;;;Scontro frontale/laterale DX fra veicoli in marcia;Intersezione stradale segnalata;Una carreggiata a doppio senso;Asciutto;Asfaltata;Assente;Sereno;Normale;Buona;Ore Diurne;1;0;0;1;;;-1;1;Autovettura privata;In marcia / fermata / arresto;Conducente;M;Rimandato;0;NON DECEDUTO;Non accertato;Inesistente
1776005;17;12/06/2008 13:55;Strada Urbana;VIA VITTORIA COLONNA;all'intersezione con;VIA DEGLI SCIPIONI;VIA DEGLI SCIPIONI;;;Scontro frontale/laterale DX fra veicoli in marcia;Intersezione stradale segnalata;Una carreggiata a doppio senso;Asciutto;Asfaltata;Assente;Sereno;Normale;Buona;Ore Diurne;1;0;0;1;;;-1;2;Autovettura privata;In marcia / fermata / arresto;Conducente;F;Illeso;0;;Non accertato;Inesistente
1776066;16;20/06/2008 10:20;Strada Urbana;VIA DI DONNA OLIMPIA;all'intersezione con;VIA FIORINO FIORINI;VIA FIORINO FIORINI;;;Scontro frontale/laterale DX fra veicoli in marcia;Incrocio;Una carreggiata a doppio senso;Asciutto;Asfaltata;Orizzontale;Sereno;Normale;Buona;Ore Diurne;1;0;0;2;;;-1;1;Motociclo a solo;In marcia / fermata / arresto;Conducente;M;Rimandato;0;NON DECEDUTO;Non accertato;Inesistente
1776066;16;20/06/2008 10:20;Strada Urbana;VIA DI DONNA OLIMPIA;all'intersezione con;VIA FIORINO FIORINI;VIA FIORINO FIORINI;;;Scontro frontale/laterale DX fra veicoli in marcia;Incrocio;Una carreggiata a doppio senso;Asciutto;Asfaltata;Orizzontale;Sereno;Normale;Buona;Ore Diurne;1;0;0;2;;;-1;2;Autovettura privata;In marcia / fermata / arresto;Conducente;F;Illeso;0;;Non accertato;Inesistente
1776066;16;20/06/2008 10:20;Strada Urbana;VIA DI DONNA OLIMPIA;all'intersezione con;VIA FIORINO FIORINI;VIA FIORINO FIORINI;;;Scontro frontale/laterale DX fra veicoli in marcia;Incrocio;Una carreggiata a doppio senso;Asciutto;Asfaltata;Orizzontale;Sereno;Normale;Buona;Ore Diurne;1;0;0;2;;;-1;2;Autovettura privata;In marcia / fermata / arresto;Passeggero;M;Illeso;0;;Non accertato;Inesistente
1776068;17;12/06/2008 18:00;Strada Urbana;PIAZZA GIUSEPPE MAZZINI;all'intersezione con;VIALE GIUSEPPE MAZZINI;VIALE GIUSEPPE MAZZINI;;;Scontro frontale/laterale SX fra veicoli in marcia;Rotatoria;Una carreggiata a senso unico di marcia;Asciutto;Asfaltata;Verticale ed orizzontale;Sereno;Intenso;Sufficiente;Ore Diurne;1;0;0;1;;;-1;1;Autovettura privata;In marcia / fermata / arresto;Conducente;M;Illeso;0;;Non accertato;Inesploso
1776068;17;12/06/2008 18:00;Strada Urbana;PIAZZA GIUSEPPE MAZZINI;all'intersezione con;VIALE GIUSEPPE MAZZINI;VIALE GIUSEPPE MAZZINI;;;Scontro frontale/laterale SX fra veicoli in marcia;Rotatoria;Una carreggiata a senso unico di marcia;Asciutto;Asfaltata;Verticale ed orizzontale;Sereno;Intenso;Sufficiente;Ore Diurne;1;0;0;1;;;-1;2;Motociclo a solo;In marcia / fermata / arresto;Conducente;F;Rimandato;0;NON DECEDUTO;Non accertato;Inesistente
1776069;17;13/06/2008 10:15;Strada Urbana;PIAZZA DEI PRATI DEGLI STROZZI;in prossimità;;del civico n. ;21;;Investimento di pedone;Curva a visuale libera;Una carreggiata a senso unico di marcia;Asciutto;Asfaltata;Verticale ed orizzontale;Sereno;Normale;Buona;Ore Diurne;1;0;0;1;;;-1;;;;Pedone;M;Rimandato;0;NON DECEDUTO;;
1776069;17;13/06/2008 10:15;Strada Urbana;PIAZZA DEI PRATI DEGLI STROZZI;in prossimità;;del civico n. ;21;;Investimento di pedone;Curva a visuale libera;Una carreggiata a senso unico di marcia;Asciutto;Asfaltata;Verticale ed orizzontale;Sereno;Normale;Buona;Ore Diurne;1;0;0;1;;;-1;1;Autovettura privata;In marcia / fermata / arresto;Conducente;M;Illeso;0;;Non accertato;Inesistente
1776118;16;23/06/2008 14:30;Strada Urbana;VIA DELLA PISANA;in prossimità;;del civico n. ;269;;Scontro laterale fra veicoli in marcia;Rettilineo;Una carreggiata a doppio senso;Asciutto;Asfaltata;Verticale ed orizzontale;Sereno;Normale;Buona;Ore Diurne;1;0;0;2;;;-1;1;Autoambulanza;In marcia / fermata / arresto;Conducente;M;Illeso;0;;Non accertato;Inesistente
1776118;16;23/06/2008 14:30;Strada Urbana;VIA DELLA PISANA;in prossimità;;del civico n. ;269;;Scontro laterale fra veicoli in marcia;Rettilineo;Una carreggiata a doppio senso;Asciutto;Asfaltata;Verticale ed orizzontale;Sereno;Normale;Buona;Ore Diurne;1;0;0;2;;;-1;1;Autoambulanza;In marcia / fermata / arresto;Passeggero;M;Illeso;0;;Non accertato;Inesistente
1776118;16;23/06/2008 14:30;Strada Urbana;VIA DELLA PISANA;in prossimità;;del civico n. ;269;;Scontro laterale fra veicoli in marcia;Rettilineo;Una carreggiata a doppio senso;Asciutto;Asfaltata;Verticale ed orizzontale;Sereno;Normale;Buona;Ore Diurne;1;0;0;2;;;-1;2;Autovettura privata;In marcia / fermata / arresto;Conducente;F;Rimandato;0;NON DECEDUTO;Non accertato;Inesistente
1776119;16;23/06/2008 19:10;Strada Urbana;CIRCONVALLAZIONE GIANICOLENSE;all'intersezione con;VIALE DEI COLLI PORTUENSI;VIALE DEI COLLI PORTUENSI;;;Scontro frontale/laterale SX fra veicoli in marcia;Intersezione semaforizzata;Più di due carreggiate;Asciutto;Asfaltata;Verticale ed orizzontale;Sereno;Normale;Buona;Ore Diurne;0;0;0;2;;;-1;1;Autovettura privata;In marcia / fermata / arresto;Conducente;M;Illeso;0;;Non accertato;Inesistente
1776119;16;23/06/2008 19:10;Strada Urbana;CIRCONVALLAZIONE GIANICOLENSE;all'intersezione con;VIALE DEI COLLI PORTUENSI;VIALE DEI COLLI PORTUENSI;;;Scontro frontale/laterale SX fra veicoli in marcia;Intersezione semaforizzata;Più di due carreggiate;Asciutto;Asfaltata;Verticale ed orizzontale;Sereno;Normale;Buona;Ore Diurne;0;0;0;2;;;-1;2;Vettura tranviaria;In marcia / fermata / arresto;Conducente;M;Illeso;0;;Non accertato;Inesistente
1776120;16;23/06/2008 20:50;Strada Urbana;CIRCONVALLAZIONE GIANICOLENSE;in prossimità;;del civico n. ;77;;Infortunio per caduta del veicolo;Rettilineo;Più di due carreggiate;Asciutto;Asfaltata;Verticale ed orizzontale;Sereno;Normale;Buona;Sufficiente;1;0;0;0;;;-1;1;Motociclo a solo;In marcia / fermata / arresto;Conducente;M;Rimandato;0;NON DECEDUTO;Non accertato;Inesistente
1776121;16;25/06/2008 10:30;Strada Urbana;VIALE DEI COLLI PORTUENSI;in corrispondenza;;del civico n. ;92D;;Investimento di pedone;Rettilineo;Due carreggiate;Asciutto;Asfaltata;Verticale ed orizzontale;Sereno;Normale;Buona;Ore Diurne;1;0;0;1;;;-1;;;;Pedone;F;Ricoverato;0;NON DECEDUTO;;
1776121;16;25/06/2008 10:30;Strada Urbana;VIALE DEI COLLI PORTUENSI;in corrispondenza;;del civico n. ;92D;;Investimento di pedone;Rettilineo;Due carreggiate;Asciutto;Asfaltata;Verticale ed orizzontale;Sereno;Normale;Buona;Ore Diurne;1;0;0;1;;;-1;1;Motociclo a solo;In marcia / fermata / arresto;Conducente;M;Illeso;0;;Non accertato;Inesistente
1776122;16;25/06/2008 19:40;Strada Urbana;VIA DI DONNA OLIMPIA;in prossimità;;del civico n. ;226;;Veicoli in marcia contro veicolo fermo;Rettilineo;Una carreggiata a doppio senso;Asciutto;Asfaltata;Verticale ed orizzontale;Sereno;Normale;Buona;Ore Diurne;1;0;0;3;;;-1;1;Motociclo con passeggero;In marcia / fermata / arresto;Conducente;M;Ricoverato;0;NON DECEDUTO;Non accertato;Inesistente
1776122;16;25/06/2008 19:40;Strada Urbana;VIA DI DONNA OLIMPIA;in prossimità;;del civico n. ;226;;Veicoli in marcia contro veicolo fermo;Rettilineo;Una carreggiata a doppio senso;Asciutto;Asfaltata;Verticale ed orizzontale;Sereno;Normale;Buona;Ore Diurne;1;0;0;3;;;-1;2;Autovettura privata;In marcia / fermata / arresto;Conducente;F;Illeso;0;;Non accertato;Inesistente